FQtyL,FQtyR,E1 FFlow,E1 OilT,E1 OilP,E1 RPM,OAT,IAS,VSpd,NormAc,AltMSL,plane_id,split
20.22,23.84,2.54,74.25,67.5,1229.0,-2.2,0.0,13.21,-0.03,838.0,37,0
20.22,23.84,2.54,74.25,67.5,1229.0,-2.2,0.0,13.21,-0.03,838.0,37,0
20.27,23.84,2.47,74.25,67.44,1226.0,-2.2,0.0,11.15,-0.03,839.0,37,0
20.22,23.89,2.4,74.25,67.44,1228.0,-2.2,0.0,0.65,0.02,,37,0
20.22,23.84,2.38,74.25,67.5,1230.0,-2.5,0.0,-22.52,-0.02,841.0,37,0
20.16,23.81,2.3,74.3,67.5,1227.0,-2.5,0.0,-13.55,-0.01,841.5,37,0
20.22,23.81,2.28,74.3,67.4,1224.0,-2.5,0.0,1.69,-0.01,842.0,37,0
20.16,23.81,2.12,74.3,67.25,1218.0,-2.8,0.0,10.66,0.01,861.0,37,0
20.16,23.78,2.16,74.3,67.2,1214.0,-2.8,0.0,0.83,-0.01,863.0,37,0
20.22,23.78,2.18,74.3,67.06,1206.0,-2.8,0.0,-8.28,-0.01,862.0,37,0
20.22,23.78,2.22,74.3,67.06,1207.0,-3.0,0.0,12.98,0.01,862.0,37,0
20.16,23.81,2.35,74.3,67.2,1217.0,-3.0,0.0,11.53,0.01,862.5,37,0
20.11,23.81,2.4,74.3,67.4,1225.0,-3.0,0.0,-2.63,-0.02,862.0,37,0
20.11,23.78,2.4,74.3,67.5,1231.0,-3.2,0.0,-33.12,-0.0,861.0,37,0
20.16,23.81,2.43,74.3,67.5,1234.0,-3.2,0.0,-20.44,-0.04,860.0,37,0
20.22,23.78,2.21,74.3,66.44,1184.0,-3.2,0.0,-5.14,-0.0,859.0,37,0
20.22,23.78,1.97,74.3,64.25,1067.0,-3.2,0.0,-15.35,-0.0,858.5,37,0
20.16,23.78,1.94,74.3,63.56,1033.0,-3.5,0.0,-26.22,0.01,857.5,37,0
20.16,23.73,1.97,74.3,63.22,1013.5,-3.5,0.0,-17.45,0.02,857.0,37,0
20.22,23.73,1.93,74.25,63.03,1002.0,-3.5,0.0,-4.02,0.01,856.0,37,0
20.22,23.78,1.77,74.25,61.4,922.0,-3.5,0.0,-17.77,0.02,856.0,37,0
20.16,23.78,1.75,74.25,60.9,904.0,-3.8,0.0,-12.12,0.01,855.5,37,0
20.22,23.78,1.76,74.25,60.78,897.0,-3.8,0.0,5.27,-0.01,854.5,37,0
20.22,23.73,1.74,74.25,60.8,903.5,-3.8,0.0,0.98,-0.01,854.0,37,0
20.22,23.78,1.74,74.25,60.78,898.0,-3.8,0.0,-5.06,0.01,854.0,37,0
20.22,23.81,1.77,74.25,60.78,901.0,-3.8,0.0,2.91,0.01,853.5,37,0
20.22,23.84,1.75,74.25,60.84,902.5,-3.8,0.0,-0.01,0.0,853.5,37,0
20.22,23.84,1.75,74.25,60.9,906.5,-4.0,0.0,-3.95,-0.03,854.0,37,0
20.16,23.84,1.74,74.3,60.88,906.5,-4.0,0.0,0.44,-0.03,854.0,37,0
20.16,23.81,1.74,74.3,60.9,905.0,-4.0,0.0,16.56,-0.0,854.0,37,0
20.22,23.81,1.73,74.3,60.88,906.5,-4.0,0.0,7.48,-0.01,854.5,37,0
20.27,23.78,1.78,74.3,60.88,904.5,-4.0,0.0,10.45,0.01,854.5,37,0
20.27,23.73,1.76,74.3,60.8,899.0,-4.0,0.0,-5.72,-0.02,840.0,37,0
20.27,23.73,1.77,74.3,60.88,904.0,-4.0,0.0,-15.53,-0.01,842.5,37,0
20.22,23.72,1.76,74.3,60.9,904.0,-4.2,0.0,-24.9,-0.01,842.0,37,0
20.16,23.73,1.74,74.3,60.9,904.5,-4.2,0.0,-6.25,0.01,842.0,37,0
20.16,23.78,1.73,74.3,60.9,908.0,-4.2,0.0,7.01,-0.02,842.5,37,0
20.22,23.78,1.77,74.3,61.03,912.0,-4.2,0.0,13.88,-0.01,843.0,37,0
20.22,23.81,1.74,74.3,61.0,911.0,-4.2,0.0,12.29,0.0,840.0,37,0
20.22,23.81,1.73,74.3,61.0,909.0,-4.2,0.0,-1.72,0.0,845.5,37,0
20.22,23.81,1.74,74.3,61.0,910.0,-4.2,0.0,-11.97,0.01,846.0,37,0
20.22,23.81,1.77,74.3,61.1,915.0,-4.2,0.0,-0.71,-0.01,847.0,37,0
20.22,23.81,1.72,74.3,61.06,911.0,-4.2,0.0,-6.38,0.03,848.0,37,0
20.22,23.81,1.71,74.25,61.06,911.0,-4.2,0.0,-0.26,-0.01,849.0,37,0
20.27,23.73,1.73,74.25,61.16,916.5,-4.2,0.0,18.38,0.01,850.0,37,0
20.22,23.73,1.72,74.25,61.22,918.5,-4.5,0.0,18.86,0.01,850.5,37,0
20.22,23.73,1.73,74.25,61.12,916.5,-4.5,0.0,4.15,-0.01,851.5,37,0
20.22,23.73,1.81,74.25,61.1,912.0,-4.5,0.0,-18.36,-0.02,852.0,37,0
20.22,23.73,1.72,74.25,61.16,916.5,-4.5,0.0,-20.84,0.0,852.5,37,0
20.27,23.73,1.71,74.25,61.16,918.0,-4.5,0.0,-0.35,0.02,852.5,37,0
20.22,23.73,1.7,74.25,61.2,916.5,-4.5,0.0,0.02,0.03,853.5,37,0
20.22,23.73,1.74,74.25,61.16,916.5,-4.5,0.0,9.18,0.0,853.5,37,0
20.22,23.78,1.74,74.25,61.1,911.5,-4.5,0.0,17.55,-0.0,853.5,37,0
20.22,23.78,1.74,74.25,61.0,908.5,-4.5,0.0,15.53,-0.02,854.0,37,0
20.16,23.78,1.73,74.25,61.0,911.0,-4.5,0.0,1.49,0.01,854.0,37,0
20.22,23.72,1.69,74.25,60.88,900.0,-4.5,0.0,-4.56,-0.02,853.5,37,0
20.22,23.72,1.7,74.25,60.94,904.0,-4.5,0.0,-15.2,0.01,852.0,37,0
20.22,23.73,1.72,74.25,61.0,908.0,-4.8,0.0,0.34,-0.0,851.5,37,0
20.22,23.72,1.72,74.25,61.03,911.0,-4.8,0.0,2.27,-0.01,851.0,37,0
20.22,23.69,1.72,74.25,61.12,913.5,-4.8,0.0,12.38,0.0,850.0,37,0
20.22,23.69,1.71,74.25,61.12,917.5,-4.8,0.0,-3.28,-0.01,850.0,37,0
20.16,23.69,1.74,74.25,61.12,916.0,-4.8,0.0,-11.87,-0.03,849.5,37,0
20.16,23.62,1.73,74.25,61.06,910.5,-4.8,0.0,-7.74,0.0,849.0,37,0
20.16,23.69,1.75,74.25,61.1,915.0,-4.8,0.0,-0.55,0.01,848.5,37,0
20.16,23.72,1.76,74.25,61.2,918.5,-4.8,0.0,-26.06,0.01,848.5,37,0
20.16,23.73,1.74,74.25,61.28,922.5,-4.8,0.0,-20.38,-0.01,848.5,37,0
20.16,23.73,1.77,74.25,61.28,921.0,-4.8,0.0,-18.16,-0.0,848.0,37,0
20.22,23.69,1.74,74.25,61.28,923.0,-4.8,0.0,-8.03,-0.01,837.0,37,0
20.27,23.62,1.75,74.25,61.25,919.5,-4.8,0.0,12.74,0.0,836.0,37,0
20.22,23.69,1.74,74.25,61.25,920.5,-4.8,0.0,14.97,-0.01,836.0,37,0
20.22,23.69,1.73,74.25,61.3,926.0,-5.0,0.0,8.19,-0.01,837.5,37,0
20.22,23.69,1.76,74.25,61.38,925.0,-5.0,0.0,16.16,0.01,836.5,37,0
20.27,23.62,1.76,74.25,61.34,924.0,-5.0,0.0,26.7,0.01,836.5,37,0
20.27,23.69,1.79,74.2,61.3,925.0,-5.0,0.0,1.3,0.01,837.0,37,0
20.27,23.69,1.74,74.2,61.34,924.5,-5.0,0.0,-15.13,0.01,837.5,37,0
20.27,23.72,1.75,74.2,61.4,931.0,-5.0,0.0,9.07,0.01,838.0,37,0
20.27,23.69,1.76,74.2,61.4,928.5,-5.0,0.0,38.75,0.01,837.5,37,0
20.31,23.72,1.72,74.2,61.3,925.0,-5.0,0.0,55.2,-0.01,838.0,37,0
20.31,23.73,1.76,74.2,61.16,914.0,-5.0,0.0,7.52,-0.01,838.5,37,0
20.31,23.73,1.76,74.2,61.16,916.0,-5.0,0.0,-21.55,0.02,839.0,37,0
20.38,23.72,1.75,74.2,61.1,913.0,-5.0,0.0,-29.31,-0.0,839.0,37,0
20.38,23.72,1.78,74.2,61.16,917.0,-5.0,0.0,-2.44,-0.01,839.0,37,0
20.38,23.72,1.75,74.2,61.16,920.5,-5.0,0.0,-13.92,-0.0,838.5,37,0
20.38,23.69,1.75,74.2,61.2,917.0,-5.0,0.0,-14.48,-0.0,839.0,37,0
20.38,23.69,1.79,74.2,61.12,917.5,-5.2,0.0,-1.29,0.0,839.0,37,0
20.38,23.62,1.74,74.2,61.16,917.5,-5.2,0.0,17.4,-0.0,838.5,37,0
20.38,23.62,1.74,74.2,61.16,916.0,-5.2,0.0,-2.9,-0.0,837.5,37,0
20.38,23.69,1.76,74.2,61.28,924.5,-5.2,0.0,-15.22,0.01,837.5,37,0
20.38,23.69,1.76,74.2,61.28,925.0,-5.2,0.0,-11.19,0.0,838.0,37,0
20.38,23.72,1.79,74.2,61.3,927.5,-5.2,0.0,-3.75,0.01,835.5,37,0
20.38,23.72,1.75,74.2,61.3,923.0,-5.2,0.0,-6.13,0.01,835.5,37,0
20.42,23.72,1.77,74.2,61.25,919.5,-5.2,0.0,-0.87,0.01,834.5,37,0
20.42,23.78,1.79,74.2,61.25,920.0,-5.2,0.0,-10.6,0.01,834.5,37,0
20.38,23.73,1.74,74.2,61.28,926.5,-5.2,0.0,7.99,0.0,834.0,37,0
20.38,23.73,1.82,74.2,61.3,925.0,-5.2,0.0,14.56,-0.0,833.5,37,0
20.38,23.73,1.75,74.1,61.34,927.0,-5.2,0.0,17.94,-0.0,835.0,37,0
20.38,23.73,1.76,74.1,61.25,919.5,-5.2,0.0,5.42,-0.01,834.5,37,0
20.38,23.72,1.77,74.1,61.28,922.0,-5.2,0.0,2.03,-0.01,834.5,37,0
20.38,23.72,1.74,74.1,61.3,927.0,-5.2,0.0,-13.59,0.0,834.5,37,0
20.38,23.69,1.76,74.1,61.38,928.5,-5.2,0.0,-10.05,0.02,834.5,37,0
20.38,23.72,1.73,74.1,61.38,925.0,-5.2,0.0,-11.67,-0.02,835.0,37,0
20.31,23.72,1.73,74.1,61.4,929.5,-5.2,0.0,11.88,-0.0,833.5,37,0
20.31,23.72,1.72,74.1,61.38,930.5,-5.2,0.0,15.28,-0.01,834.0,37,0
20.38,23.72,1.74,74.1,61.34,924.5,-5.5,0.0,-4.94,0.01,834.0,37,0
20.38,23.72,1.77,74.1,61.34,925.0,-5.5,0.0,-17.06,-0.0,837.5,37,0
20.38,23.73,1.71,74.1,61.44,933.0,-5.5,0.0,-7.11,0.04,838.0,37,0
20.38,23.72,1.75,74.1,61.4,930.0,-5.5,0.0,-8.84,-0.02,838.0,37,0
20.38,23.72,1.72,74.1,61.5,934.0,-5.5,0.0,5.98,-0.01,840.0,37,0
20.31,23.69,1.73,74.1,61.53,934.0,-5.5,0.0,9.37,0.01,840.0,37,0
20.31,23.69,1.75,74.1,61.62,941.0,-5.5,0.0,13.06,0.0,841.5,37,0
20.31,23.72,1.73,74.1,61.53,935.0,-5.5,0.0,15.86,0.01,841.5,37,0
20.31,23.69,1.75,74.1,61.5,932.5,-5.5,0.0,2.95,-0.0,842.0,37,0
20.31,23.62,1.78,74.1,61.5,935.5,-5.5,0.0,-1.51,0.01,842.0,37,0
20.38,23.62,1.77,74.1,61.62,939.0,-5.5,0.0,-0.75,-0.01,841.0,37,0
20.38,23.61,1.77,74.1,61.53,936.5,-5.5,0.0,-0.03,-0.03,840.5,37,0
20.38,23.62,1.79,74.1,61.47,935.5,-5.5,0.0,-0.27,0.01,841.0,37,0
20.38,23.62,1.77,74.1,61.44,935.0,-5.5,0.0,-0.01,-0.0,841.0,37,0
20.38,23.62,1.79,74.1,61.4,929.5,-5.5,0.0,1.11,-0.0,840.5,37,0
20.42,23.69,1.8,74.1,61.44,933.5,-5.5,0.0,-11.2,0.01,841.0,37,0
20.38,23.69,1.77,74.1,61.53,937.0,-5.5,0.0,-11.03,0.01,842.0,37,0
20.38,23.69,1.71,74.1,61.56,938.5,-5.5,0.0,-1.43,-0.02,842.5,37,0
20.31,23.69,1.75,74.1,61.53,936.5,-5.5,0.0,5.07,-0.0,842.5,37,0
20.31,23.72,1.81,74.1,61.6,939.0,-5.5,0.0,-0.89,0.0,843.0,37,0
20.31,23.69,1.77,74.1,61.6,939.5,-5.5,0.0,10.74,-0.01,843.0,37,0
20.31,23.69,1.77,74.1,61.5,934.5,-5.5,0.0,1.39,-0.0,843.0,37,0
20.31,23.69,1.81,74.1,61.53,939.5,-5.5,0.0,14.32,0.02,840.5,37,0
20.38,23.69,1.75,74.1,61.53,937.5,-5.5,0.0,28.9,-0.03,840.0,37,0
20.31,23.69,1.76,74.1,61.56,938.5,-5.5,0.0,5.52,0.01,840.0,37,0
20.38,23.72,1.75,74.1,61.62,941.5,-5.5,0.0,-13.62,0.01,839.5,37,0
20.38,23.72,1.74,74.1,61.62,938.5,-5.8,0.0,-2.46,-0.02,839.5,37,0
20.38,23.72,1.75,74.1,61.6,940.0,-5.8,0.0,4.71,-0.01,839.5,37,0
20.38,23.72,1.77,74.1,61.6,941.0,-5.8,0.0,12.92,0.01,841.0,37,0
20.38,23.69,1.78,74.1,61.53,935.5,-5.8,0.0,-3.54,-0.02,842.0,37,0
20.38,23.69,1.75,74.1,61.6,941.5,-5.8,0.0,8.85,0.01,842.0,37,0
20.38,23.72,1.77,74.1,61.6,938.5,-5.8,0.0,1.28,-0.01,842.5,37,0
20.42,23.69,1.78,74.1,61.53,936.0,-5.8,0.0,0.04,0.01,842.5,37,0
20.42,23.62,1.74,74.1,61.62,943.0,-5.8,0.0,-4.99,0.01,843.0,37,0
20.42,23.61,1.73,74.1,61.62,942.5,-5.8,0.0,-23.45,-0.02,841.0,37,0
20.42,23.62,1.74,74.1,61.53,938.0,-5.8,0.0,-25.42,-0.01,840.5,37,0
20.5,23.61,1.79,74.1,61.47,934.0,-5.8,0.0,-18.38,0.02,840.5,37,0
20.5,23.61,1.77,74.1,61.53,937.0,-5.8,0.0,-18.73,-0.01,840.5,37,0
20.5,23.61,1.76,74.1,61.6,942.0,-5.8,0.0,12.31,-0.01,840.0,37,0
20.52,23.61,1.74,74.1,61.62,943.0,-5.8,0.0,26.58,0.0,840.0,37,0
20.42,23.61,1.75,74.1,61.66,946.5,-5.8,0.0,25.0,-0.01,840.5,37,0
20.52,23.61,1.78,74.1,61.66,946.5,-5.8,0.0,21.89,-0.01,841.0,37,0
20.5,23.61,1.8,74.1,61.72,947.5,-5.8,0.0,11.23,0.01,841.0,37,0
20.52,23.61,1.73,74.1,61.72,947.0,-5.8,0.0,1.04,0.0,841.0,37,0
20.52,23.56,1.75,74.1,61.62,942.0,-5.8,0.0,3.55,0.0,841.0,37,0
20.5,23.56,1.77,74.1,61.66,944.5,-5.8,0.0,8.27,-0.0,841.0,37,0
20.5,23.56,1.76,74.1,61.62,944.5,-5.8,0.0,10.85,0.01,841.0,37,0
20.5,23.55,1.79,74.1,61.66,945.0,-5.8,0.0,4.4,-0.02,840.5,37,0
20.5,23.56,1.77,74.2,61.62,943.5,-5.8,0.0,0.48,0.02,840.5,37,0
20.52,23.56,1.77,74.2,61.47,936.5,-5.8,0.0,-2.07,0.0,840.5,37,0
20.52,23.61,1.73,74.2,61.4,930.5,-5.8,0.0,-13.3,-0.01,840.5,37,0
20.52,23.61,1.77,74.2,61.3,926.0,-5.8,0.0,-15.84,0.04,840.5,37,0
20.5,23.61,1.78,74.2,61.4,934.0,-5.8,0.0,-21.36,-0.02,840.0,37,0
20.5,23.61,1.75,74.2,61.38,935.0,-5.8,0.0,-20.16,0.01,840.5,37,0
20.5,23.61,1.77,74.2,61.3,931.0,-5.8,0.0,1.07,-0.02,840.5,37,0
20.42,23.61,1.74,74.2,61.3,930.0,-6.0,0.0,23.39,0.02,840.5,37,0
20.5,23.61,1.76,74.2,61.28,929.5,-6.0,0.0,-2.71,-0.01,841.0,37,0
20.5,23.61,1.71,74.2,61.25,929.5,-6.0,0.0,-9.42,-0.01,841.0,37,0
20.5,23.61,1.74,74.2,61.25,927.5,-6.0,0.0,3.73,0.01,841.0,37,0
20.5,23.61,1.78,74.2,61.25,928.0,-6.0,0.0,1.15,-0.0,841.0,37,0
20.52,23.61,1.76,74.2,61.28,934.0,-6.0,0.0,-11.0,-0.01,841.0,37,0
20.5,23.61,1.75,74.2,61.34,935.5,-6.0,0.0,-5.05,0.0,841.0,37,0
20.5,23.61,1.77,74.2,61.38,934.0,-6.0,0.0,15.08,-0.0,841.0,37,0
20.5,23.61,1.74,74.2,61.34,933.0,-6.0,0.0,4.33,0.02,841.0,37,0
20.52,23.61,1.76,74.2,61.34,933.5,-6.0,0.0,-10.86,0.01,840.5,37,0
20.56,23.62,1.76,74.2,61.34,934.0,-6.0,0.0,-15.15,-0.0,841.0,37,0
20.62,23.61,1.77,74.2,61.3,931.5,-6.0,0.0,4.97,-0.0,841.0,37,0
20.62,23.61,1.74,74.2,61.38,934.5,-6.0,0.0,3.71,-0.0,841.0,37,0
20.56,23.56,1.77,74.2,61.38,931.5,-6.0,0.0,17.7,0.01,841.0,37,0
20.56,23.56,1.75,74.25,61.38,931.5,-6.0,0.0,13.79,-0.02,841.5,37,0
20.56,23.55,1.71,74.25,61.34,933.0,-6.0,0.0,0.56,-0.0,841.5,37,0
20.52,23.55,1.75,74.25,61.38,934.0,-6.0,0.0,-12.61,0.01,841.0,37,0
20.52,23.55,1.75,74.25,61.38,937.0,-6.0,0.0,-15.3,0.01,841.0,37,0
20.56,23.55,1.76,74.25,61.5,942.0,-6.0,0.0,-15.65,0.0,841.5,37,0
20.56,23.56,1.76,74.25,61.47,938.0,-6.0,0.0,12.21,-0.02,841.5,37,0
20.62,23.56,1.72,74.25,61.44,938.0,-6.0,0.0,16.23,0.02,841.5,37,0
20.56,23.56,1.75,74.25,61.38,935.0,-6.0,0.0,1.87,-0.01,841.5,37,0
20.62,23.55,1.76,74.25,61.4,936.0,-6.0,0.0,-2.29,0.01,842.0,37,0
20.62,23.56,1.74,74.25,61.47,938.5,-6.0,0.0,-7.18,0.01,842.0,37,0
20.66,23.56,1.74,74.25,61.47,940.0,-6.0,0.0,-14.0,-0.01,842.5,37,0
20.66,23.56,1.72,74.25,61.44,937.5,-6.0,0.0,-6.54,-0.01,842.5,37,0
20.66,23.55,1.71,74.25,61.44,938.5,-6.0,0.0,-1.6,-0.01,843.0,37,0
20.66,23.55,1.74,74.3,61.47,938.5,-6.0,0.0,2.37,0.01,841.0,37,0
20.62,23.52,1.76,74.3,61.5,940.5,-6.0,0.0,0.09,0.01,840.5,37,0
20.56,23.52,1.75,74.3,61.38,934.0,-6.0,0.0,-1.23,-0.02,840.5,37,0
20.56,23.52,1.74,74.3,61.38,934.0,-6.2,0.0,-15.05,0.01,840.5,37,0
20.56,23.55,1.72,74.3,61.44,939.0,-6.2,0.0,-12.98,0.01,840.0,37,0
20.62,23.55,1.77,74.3,61.47,941.5,-6.2,0.0,8.38,0.0,841.0,37,0
20.66,23.55,1.75,74.3,61.53,943.0,-6.2,0.0,19.11,0.01,841.5,37,0
20.66,23.55,1.74,74.3,61.47,939.0,-6.2,0.0,1.58,-0.0,841.5,37,0
20.66,23.55,1.78,74.3,61.4,935.5,-6.2,0.0,-1.75,0.0,841.5,37,0
20.7,23.55,1.79,74.4,61.34,937.0,-6.2,0.0,4.5,-0.02,841.5,37,0
20.7,23.52,1.74,74.4,61.4,938.0,-6.2,0.0,-0.22,-0.01,841.5,37,0
20.7,23.52,1.77,74.4,61.4,936.0,-6.2,0.0,9.82,0.01,840.0,37,0
20.7,23.45,1.77,74.4,61.4,939.0,-6.2,0.0,1.83,0.0,839.5,37,0
20.66,23.45,1.72,74.4,61.4,940.0,-6.2,0.0,-1.12,-0.0,839.5,37,0
20.66,23.45,1.75,74.4,61.34,931.0,-6.2,0.0,-9.27,0.01,839.5,37,0
20.62,23.45,1.78,74.4,61.34,935.5,-6.2,0.0,-1.83,0.01,839.5,37,0
20.62,23.45,1.76,74.44,61.38,938.0,-6.2,0.0,8.05,-0.0,841.0,37,0
20.62,23.45,1.73,74.44,61.6,948.0,-6.2,0.0,15.3,-0.01,841.5,37,0
20.62,23.45,1.74,74.44,61.62,952.0,-6.2,0.0,14.04,-0.01,841.5,37,0
20.66,23.45,1.73,74.44,61.62,950.5,-6.2,0.0,15.28,-0.01,842.0,37,0
20.62,23.44,1.75,74.44,61.53,945.5,-6.2,0.0,-7.62,-0.01,842.0,37,0
20.62,23.44,1.79,74.44,61.5,944.0,-6.2,0.0,-18.75,-0.02,840.0,37,0
20.62,23.44,1.73,74.44,61.56,946.0,-6.2,0.0,-3.33,0.0,839.5,37,0
20.56,23.44,1.74,74.5,61.62,950.0,-6.2,0.0,-4.91,-0.01,839.5,37,0
20.56,23.45,1.76,74.5,61.53,943.0,-6.2,0.0,10.32,0.01,839.5,37,0
20.56,23.45,1.75,74.5,61.47,940.5,-6.2,0.0,0.46,-0.01,839.5,37,0
20.52,23.44,1.79,74.5,61.44,942.5,-6.2,0.0,-14.53,0.0,839.0,37,0
20.52,23.44,1.76,74.5,61.44,942.5,-6.2,0.0,8.09,0.03,841.0,37,0
20.5,23.45,1.78,74.5,61.44,942.5,-6.2,0.0,-7.27,0.01,841.5,37,0
20.5,23.45,1.76,74.5,61.4,938.0,-6.2,0.0,-12.56,-0.01,841.5,37,0
20.5,23.45,1.76,74.5,61.38,938.5,-6.2,0.0,15.77,-0.02,841.5,37,0
20.52,23.45,1.78,74.56,61.38,939.5,-6.2,0.0,8.38,-0.0,841.5,37,0
20.52,23.45,1.76,74.56,61.38,941.0,-6.2,0.0,0.3,-0.01,842.0,37,0
20.52,23.45,1.77,74.56,61.38,941.0,-6.2,0.0,-1.43,0.02,840.0,37,0
20.52,23.45,1.75,74.56,61.4,939.5,-6.2,0.0,-9.07,-0.01,839.5,37,0
20.56,23.45,1.74,74.56,61.38,938.5,-6.2,0.0,-0.47,0.02,839.5,37,0
20.56,23.45,1.76,74.56,61.4,938.5,-6.2,0.0,13.27,-0.03,839.5,37,0
20.62,23.45,1.78,74.6,61.4,941.5,-6.2,0.0,9.95,0.02,839.5,37,0
20.62,23.45,1.72,74.6,61.47,945.5,-6.2,0.0,2.48,0.01,839.5,37,0
20.62,23.45,1.73,74.6,61.5,946.0,-6.5,0.0,28.12,-0.02,841.0,37,0
20.62,23.52,1.75,74.6,61.47,943.0,-6.5,0.0,6.34,0.04,842.0,37,0
20.56,23.52,1.74,74.6,61.5,944.0,-6.5,0.0,-2.23,-0.02,842.0,37,0
20.62,23.45,1.72,74.6,61.47,943.5,-6.5,0.0,-10.5,-0.0,842.0,37,0
20.62,23.45,1.72,74.7,61.47,940.5,-6.5,0.0,-3.9,0.0,842.5,37,0
20.56,23.45,1.72,74.7,61.44,941.5,-6.5,0.0,-6.47,-0.01,843.0,37,0
20.56,23.45,1.72,74.7,61.44,944.0,-6.5,0.0,-15.65,-0.02,840.5,37,0
20.56,23.44,1.78,74.7,61.47,944.0,-6.5,0.0,-2.94,-0.01,840.0,37,0
20.56,23.45,1.79,74.7,61.56,947.5,-6.5,0.0,-9.73,-0.0,840.0,37,0
20.56,23.45,1.79,74.7,61.6,948.0,-6.5,0.0,11.41,-0.01,840.0,37,0
20.56,23.44,1.78,74.75,61.6,951.5,-6.5,0.0,13.77,0.03,840.0,37,0
20.56,23.44,1.77,74.75,61.62,949.0,-6.5,0.0,-10.6,0.01,839.5,37,0
20.56,23.44,1.75,74.75,61.62,951.5,-6.5,0.0,-23.0,0.01,841.5,37,0
20.56,23.45,1.76,74.75,61.62,948.5,-6.5,0.0,2.69,-0.01,842.0,37,0
20.56,23.44,1.79,74.75,61.56,945.5,-6.5,0.0,15.29,0.0,842.0,37,0
20.56,23.44,1.77,74.75,61.56,948.0,-6.5,0.0,23.38,0.02,842.0,37,0
20.56,23.44,1.78,74.75,61.6,951.0,-6.5,0.0,-3.54,-0.04,842.0,37,0
20.56,23.44,1.74,74.8,61.47,943.5,-6.5,0.0,-3.64,0.0,842.5,37,0
20.56,23.4,1.72,74.8,61.38,937.0,-6.5,0.0,-2.01,0.0,840.0,37,0
20.62,23.4,1.74,74.8,61.38,937.5,-6.5,0.0,0.51,-0.01,839.5,37,0
20.56,23.4,1.78,74.8,61.3,934.5,-6.5,0.0,13.2,0.03,839.5,37,0
20.62,23.4,1.73,74.8,61.3,937.5,-6.5,0.0,16.05,-0.01,839.0,37,0
20.66,23.4,1.74,74.9,61.28,935.5,-6.5,0.0,3.15,0.01,839.0,37,0
20.7,23.4,1.72,74.9,61.3,937.0,-6.5,0.0,-27.02,0.0,839.0,37,0
20.66,23.4,1.76,74.9,61.28,937.0,-6.5,0.0,-2.19,-0.01,840.5,37,0
20.7,23.4,1.74,74.9,61.34,941.5,-6.5,0.0,14.99,0.0,841.0,37,0
20.66,23.4,1.72,74.9,61.4,946.0,-6.5,0.0,15.97,-0.01,841.5,37,0
20.7,23.4,1.77,74.9,61.38,940.5,-6.5,0.0,14.6,-0.0,842.0,37,0
20.7,23.4,1.76,74.94,61.34,939.0,-6.5,0.0,1.71,-0.01,842.0,37,0
20.7,23.44,1.79,74.94,61.3,939.0,-6.5,0.0,-16.47,0.01,842.5,37,0
20.7,23.4,1.76,74.94,61.38,940.0,-6.5,0.0,-3.1,0.01,840.5,37,0
20.75,23.44,1.78,74.94,61.34,942.0,-6.5,0.0,13.54,-0.0,840.5,37,0
20.75,23.44,1.77,74.94,61.34,943.0,-6.5,0.0,11.17,-0.01,840.5,37,0
20.7,23.44,1.76,75.0,61.38,942.5,-6.5,0.0,-12.41,0.01,840.0,37,0
20.7,23.45,1.77,75.0,61.38,945.5,-6.5,0.0,-15.83,-0.0,840.0,37,0
20.75,23.45,1.75,75.0,61.47,947.0,-6.8,0.0,-15.38,-0.01,840.0,37,0
20.75,23.45,1.73,75.0,61.47,947.0,-6.8,0.0,-2.1,-0.02,841.5,37,0
20.7,23.45,1.73,75.0,61.47,946.0,-6.8,0.0,8.01,0.02,842.0,37,0
20.7,23.45,1.74,75.0,61.44,944.5,-6.8,0.0,21.19,-0.01,842.0,37,0
20.7,23.45,1.74,75.06,61.47,949.5,-6.8,0.0,4.16,-0.0,842.0,37,0
20.7,23.45,1.76,75.06,61.5,950.0,-6.8,0.0,-3.15,0.01,842.5,37,0
20.7,23.45,1.75,75.06,61.5,948.5,-6.8,0.0,6.12,0.04,838.0,37,0
20.7,23.45,1.77,75.06,61.5,951.5,-6.8,0.0,-3.18,-0.01,835.0,37,0
20.66,23.52,1.71,75.06,61.53,953.5,-6.8,0.0,-7.3,-0.03,835.0,37,0
20.66,23.55,1.78,75.1,61.47,949.0,-6.8,0.0,-3.89,0.03,834.5,37,0
20.7,23.52,1.71,75.1,61.53,950.0,-6.8,0.0,16.16,0.01,839.5,37,0
20.7,23.52,1.74,75.1,61.47,947.5,-6.8,0.0,9.51,0.0,839.5,37,0
20.7,23.52,1.73,75.1,61.44,946.0,-6.8,0.0,-5.55,0.0,839.0,37,0
20.7,23.45,1.76,75.2,61.44,946.0,-6.8,0.0,-3.79,-0.01,841.0,37,0
20.66,23.44,1.74,75.2,61.4,944.5,-6.8,0.0,15.07,0.02,841.0,37,0
20.7,23.44,1.72,75.2,61.38,944.0,-6.8,0.0,-1.51,0.02,841.0,37,0
20.66,23.4,1.75,75.2,61.38,947.5,-6.8,0.0,-13.25,-0.01,841.0,37,0
20.66,23.34,1.72,75.2,61.38,946.0,-6.8,0.0,-19.25,-0.01,841.0,37,0
20.7,23.34,1.75,75.25,61.3,937.5,-6.8,0.0,8.15,-0.02,841.5,37,0
20.75,23.34,1.76,75.25,61.28,941.5,-6.8,0.0,9.75,0.0,839.5,37,0
20.75,23.34,1.79,75.25,61.38,947.0,-6.8,0.0,-10.09,-0.01,839.5,37,0
20.7,23.34,1.74,75.25,61.44,947.0,-6.8,0.0,13.0,0.01,839.5,37,0
20.7,23.34,1.76,75.25,61.38,944.5,-6.8,0.0,14.46,-0.0,839.5,37,0
20.7,23.34,1.75,75.3,61.3,942.0,-6.8,0.0,-3.69,0.01,840.0,37,0
20.66,23.34,1.77,75.3,61.3,945.0,-6.8,0.0,-6.06,0.01,839.5,37,0
20.66,23.34,1.82,75.3,61.34,946.5,-6.8,0.0,0.77,-0.01,841.0,37,0
20.66,23.34,1.76,75.3,61.38,947.0,-6.8,0.0,1.79,0.0,841.0,37,0
20.66,23.33,1.75,75.4,61.38,944.0,-6.8,0.0,-23.53,0.0,841.0,37,0
20.66,23.33,1.77,75.4,61.38,945.0,-6.8,0.0,-7.11,0.01,841.5,37,0
20.66,23.33,1.73,75.4,61.38,946.0,-6.8,0.0,13.24,0.0,842.0,37,0
20.66,23.3,1.75,75.4,61.38,947.0,-6.8,0.0,1.08,-0.01,842.0,37,0
20.66,23.33,1.75,75.44,61.38,949.5,-6.8,0.0,12.99,-0.02,840.0,37,0
20.62,23.33,1.76,75.44,61.38,945.0,-6.8,0.0,2.43,0.01,840.0,37,0
20.62,23.33,1.8,75.44,61.28,946.0,-6.8,0.0,-2.98,0.02,839.5,37,0
20.62,23.33,1.76,75.44,61.38,951.5,-6.8,0.0,-4.4,-0.0,839.5,37,0
20.62,23.34,1.76,75.44,61.47,956.0,-6.8,0.0,-12.08,-0.01,839.5,37,0
20.62,23.34,1.75,75.5,61.56,961.0,-6.8,0.0,-2.39,0.01,840.0,37,0
20.62,23.4,1.74,75.5,61.56,954.5,-6.8,0.0,32.6,-0.03,842.0,37,0
20.56,23.4,1.73,75.5,61.47,949.0,-6.8,0.0,7.21,0.01,843.0,37,0
20.56,23.4,1.76,75.5,61.38,946.0,-6.8,0.0,-1.1,0.01,843.0,37,0
20.56,23.4,1.74,75.56,61.4,948.5,-6.8,0.0,7.05,0.02,843.0,37,0
20.62,23.4,1.73,75.56,61.38,947.5,-6.8,0.0,-8.43,0.0,843.5,37,0
20.62,23.4,1.74,75.56,61.4,949.5,-6.8,0.0,-23.25,-0.08,844.0,37,0
20.66,23.4,1.74,75.56,61.4,951.0,-6.8,0.0,-3.62,-0.05,841.5,37,0
20.62,23.4,1.74,75.6,61.44,952.0,-6.8,0.0,-8.2,0.02,841.0,37,0
20.62,23.44,1.75,75.6,61.5,955.5,-6.8,0.0,-15.58,0.01,841.0,37,0
20.66,23.44,1.76,75.6,61.5,955.0,-6.8,0.0,-3.97,0.0,841.0,37,0
20.66,23.44,1.77,75.6,61.47,954.0,-6.8,0.0,18.38,-0.02,840.5,37,0
20.7,23.44,1.71,75.7,61.4,950.5,-6.8,0.0,18.8,0.01,840.0,37,0
20.7,23.45,1.72,75.7,61.44,952.0,-6.8,0.0,2.56,0.01,842.5,37,0
20.7,23.45,1.76,75.7,61.44,953.0,-6.8,0.0,-0.39,-0.02,842.5,37,0
20.7,23.45,1.76,75.7,61.4,953.5,-6.8,0.0,-0.23,-0.01,842.5,37,0
20.7,23.45,1.79,75.75,61.34,946.5,-6.8,0.0,5.67,0.01,842.5,37,0
20.7,23.52,1.78,75.75,61.28,943.0,-6.8,0.0,-9.73,-0.0,842.5,37,0
20.7,23.45,1.73,75.75,61.3,947.0,-6.8,0.0,-0.55,-0.03,842.5,37,0
20.7,23.45,1.76,75.75,61.3,947.0,-6.8,0.0,-9.06,0.01,840.0,37,0
20.7,23.44,1.77,75.8,61.34,947.5,-6.8,0.0,14.77,0.0,839.0,37,0
20.7,23.4,1.77,75.8,61.34,951.0,-6.8,0.0,12.13,0.01,839.0,37,0
20.75,23.4,1.78,75.8,61.4,954.0,-6.8,0.0,-14.68,0.0,838.5,37,0
20.7,23.4,1.77,75.8,61.38,951.5,-6.8,0.0,20.1,0.0,838.0,37,0
20.7,23.4,1.76,75.9,61.34,948.5,-6.8,0.0,22.19,-0.01,838.0,37,0
20.66,23.4,1.75,75.9,61.3,950.0,-6.8,0.0,7.26,0.0,840.0,37,0
20.66,23.44,1.73,75.9,61.38,952.0,-6.8,0.0,-14.35,0.01,840.5,37,0
20.66,23.4,1.76,75.9,61.38,953.0,-6.8,0.0,-10.01,-0.02,840.5,37,0
20.66,23.4,1.74,75.94,61.4,953.0,-6.8,0.0,1.59,-0.01,841.0,37,0
20.66,23.4,1.76,75.94,61.44,953.5,-6.8,0.0,-6.82,-0.01,841.0,37,0
20.66,23.34,1.75,75.94,61.38,950.5,-6.8,0.0,12.18,0.01,841.0,37,0
20.66,23.4,1.74,76.0,61.25,944.0,-6.8,0.0,0.52,-0.02,839.5,37,0
20.62,23.34,1.75,76.0,61.2,942.0,-6.8,0.0,-12.39,0.02,839.5,37,0
20.62,23.34,1.74,76.0,61.22,945.5,-6.8,0.0,9.33,0.03,839.5,37,0
20.62,23.4,1.74,76.0,61.28,950.0,-6.8,0.0,13.66,-0.0,840.0,37,0
20.62,23.4,1.75,76.06,61.3,950.0,-6.8,0.0,-4.1,-0.0,840.0,37,0
20.62,23.4,1.78,76.06,61.3,949.5,-6.8,0.0,-13.05,0.02,840.0,37,0
20.62,23.34,1.73,76.06,61.34,950.0,-6.8,0.0,-0.31,0.03,842.0,37,0
20.66,23.4,1.76,76.06,61.28,947.5,-6.8,0.0,-2.63,-0.0,841.5,37,0
20.66,23.44,1.73,76.1,61.28,948.0,-7.0,0.0,-2.39,0.0,842.0,37,0
20.66,23.4,1.72,76.1,61.34,951.5,-7.0,0.0,-32.8,-0.02,842.5,37,0
20.66,23.4,1.74,76.1,61.38,952.5,-7.0,0.0,-9.12,0.01,842.5,37,0
20.66,23.4,1.78,76.2,61.38,955.0,-7.0,0.0,-0.59,-0.03,843.0,37,0
20.66,23.44,1.75,76.2,61.44,957.0,-7.0,0.0,14.13,0.0,841.5,37,0
20.66,23.45,1.73,76.2,61.5,957.5,-7.0,0.0,5.85,-0.01,841.5,37,0
20.66,23.4,1.76,76.25,61.5,958.5,-7.0,0.0,3.41,0.0,841.5,37,0
20.66,23.45,1.79,76.25,61.53,963.5,-7.0,0.0,8.85,-0.0,841.5,37,0
20.66,23.45,1.75,76.25,61.53,962.0,-7.0,0.0,11.09,-0.02,841.5,37,0
20.66,23.45,1.75,76.3,61.56,960.5,-7.0,0.0,0.12,0.04,842.0,37,0
20.7,23.52,1.74,76.3,61.53,960.5,-7.0,0.0,1.45,-0.02,841.5,37,0
20.66,23.45,1.77,76.3,61.44,955.5,-7.0,0.0,-10.82,-0.0,841.5,37,0
20.7,23.45,1.79,76.4,61.44,955.5,-7.0,0.0,-2.66,0.03,841.0,37,0
20.75,23.45,1.77,76.4,61.4,957.0,-7.0,0.0,14.3,-0.03,841.0,37,0
20.75,23.45,1.75,76.4,61.44,957.5,-7.0,0.0,7.85,0.01,841.0,37,0
20.8,23.45,1.73,76.44,61.44,957.0,-7.0,0.0,-5.63,-0.0,840.0,37,0
20.75,23.52,1.76,76.44,61.44,959.0,-7.0,0.0,6.75,-0.02,840.0,37,0
20.75,23.45,1.75,76.44,61.47,959.5,-7.0,0.0,14.12,-0.02,840.0,37,0
20.75,23.52,1.78,76.5,61.47,959.5,-7.0,0.0,0.82,0.01,840.0,37,0
20.7,23.45,1.77,76.5,61.47,961.0,-7.0,0.0,7.99,-0.01,840.0,37,0
20.7,23.52,1.76,76.5,61.5,961.0,-7.0,0.0,0.99,0.02,839.5,37,0
20.66,23.45,1.73,76.5,61.47,960.0,-7.0,0.0,-4.19,0.01,839.5,37,0
20.66,23.45,1.75,76.56,61.47,960.0,-7.0,0.0,3.72,-0.01,839.0,37,0
20.7,23.44,1.76,76.56,61.5,962.5,-7.0,0.0,2.82,0.02,838.5,37,0
20.7,23.44,1.74,76.6,61.47,960.5,-7.0,0.0,-6.54,0.0,838.5,37,0
20.7,23.44,1.74,76.6,61.38,954.5,-7.0,0.0,-0.49,-0.0,838.5,37,0
20.7,23.4,1.75,76.6,61.3,951.0,-7.0,0.0,9.83,-0.0,839.0,37,0
20.7,23.44,1.73,76.7,61.3,952.0,-7.0,0.0,-2.15,0.0,839.5,37,0
20.7,23.4,1.76,76.7,61.3,952.5,-7.0,0.0,9.43,0.01,839.5,37,0
20.7,23.4,1.73,76.7,61.28,952.0,-7.0,0.0,-25.17,-0.01,840.0,37,0
20.75,23.34,1.71,76.75,61.3,954.5,-7.0,0.0,-3.81,0.0,840.0,37,0
20.75,23.34,1.76,76.75,61.34,957.5,-7.0,0.0,4.08,-0.0,840.5,37,0
20.75,23.33,1.75,76.75,61.4,960.5,-7.0,0.0,5.8,0.01,840.5,37,0
20.75,23.34,1.77,76.75,61.38,957.5,-7.0,0.0,2.53,-0.02,841.0,37,0
20.7,23.33,1.76,76.8,61.38,958.0,-7.0,0.0,3.21,0.01,841.0,37,0
20.7,23.33,1.77,76.8,61.4,960.5,-7.0,0.0,0.2,-0.01,841.5,37,0
20.7,23.3,1.76,76.8,61.38,958.5,-7.0,0.0,12.98,0.0,841.5,37,0
20.7,23.3,1.78,76.9,61.34,956.0,-7.0,0.0,0.47,-0.0,842.0,37,0
20.7,23.27,1.78,76.9,61.3,955.0,-7.0,0.0,-0.4,0.02,842.0,37,0
20.75,23.27,1.77,76.94,61.38,960.0,-7.0,0.0,14.13,0.01,841.0,37,0
20.8,23.27,1.77,76.94,61.34,956.5,-7.0,0.0,-5.2,0.0,841.0,37,0
20.8,23.27,1.76,76.94,61.3,955.0,-7.0,0.0,-14.93,0.04,841.0,37,0
20.8,23.27,1.76,77.0,61.28,958.5,-7.0,0.0,5.76,-0.01,841.0,37,0
20.8,23.27,1.76,77.0,61.25,953.5,-7.0,0.0,7.83,0.03,841.0,37,0
20.75,23.3,1.74,77.0,61.22,952.5,-7.0,0.0,-20.3,-0.01,841.0,37,0
20.75,23.33,1.72,77.0,61.25,953.5,-7.0,0.0,-25.78,0.03,842.5,37,0
20.75,23.3,1.75,77.06,61.28,954.5,-7.0,0.0,2.85,-0.01,843.0,37,0
20.75,23.27,1.77,77.06,61.2,951.0,-7.0,0.0,12.3,-0.0,843.0,37,0
20.75,23.27,1.74,77.1,61.16,947.5,-7.0,0.0,-2.89,0.0,843.0,37,0
20.75,23.27,1.73,77.1,61.16,948.5,-7.0,0.0,-0.22,-0.04,843.0,37,0
20.7,23.3,1.7,77.1,61.22,951.5,-7.0,0.0,22.98,-0.0,843.5,37,0
20.7,23.27,1.73,77.2,61.28,954.5,-7.0,0.0,4.36,-0.01,841.0,37,0
20.7,23.3,1.72,77.2,61.28,956.5,-7.0,0.0,-14.9,-0.02,841.0,37,0
20.7,23.3,1.71,77.2,61.3,959.0,-7.0,0.0,-10.42,-0.01,841.0,37,0
20.7,23.27,1.74,77.25,61.25,957.0,-7.0,0.0,16.27,0.01,841.0,37,0
20.66,23.27,1.74,77.25,61.22,955.0,-7.0,0.0,13.71,-0.03,840.5,37,0
20.7,23.3,1.74,77.25,61.3,961.0,-7.0,0.0,-15.75,0.0,840.0,37,0
20.7,23.3,1.76,77.3,61.38,962.5,-7.0,0.0,-16.58,-0.03,842.5,37,0
20.7,23.3,1.75,77.3,61.34,960.0,-7.0,0.0,0.16,-0.03,843.0,37,0
20.7,23.33,1.74,77.3,61.34,959.5,-7.0,0.0,0.04,0.02,842.5,37,0
20.7,23.33,1.73,77.4,61.34,959.0,-7.0,0.0,1.99,0.0,843.0,37,0
20.7,23.34,1.73,77.4,61.3,956.5,-7.0,0.0,-4.08,0.01,843.0,37,0
20.7,23.33,1.7,77.44,61.25,954.0,-7.0,0.0,6.87,-0.01,843.0,37,0
20.7,23.33,1.73,77.44,61.2,952.0,-7.0,0.0,3.61,-0.02,840.5,37,0
20.7,23.33,1.71,77.44,61.25,956.5,-7.0,0.0,4.66,-0.02,839.5,37,0
20.75,23.33,1.68,77.5,61.25,957.0,-7.0,0.0,-0.62,0.01,839.0,37,0
20.75,23.33,1.73,77.5,61.25,956.0,-7.0,0.0,-1.13,-0.0,839.0,37,0
20.75,23.34,1.73,77.5,61.16,950.0,-7.0,0.0,11.31,-0.0,838.5,37,0
20.75,23.33,1.74,77.56,61.12,952.5,-7.0,0.0,9.87,-0.02,838.5,37,0
20.75,23.34,1.74,77.56,61.16,955.5,-7.0,0.0,-5.8,-0.02,840.5,37,0
20.75,23.34,1.75,77.6,61.12,952.0,-7.0,0.0,-27.31,0.01,841.0,37,0
20.75,23.34,1.76,77.6,61.1,947.0,-7.0,0.0,-21.81,0.0,841.0,37,0
20.8,23.34,1.76,77.6,61.1,946.0,-7.0,0.0,-12.2,-0.0,841.0,37,0
20.8,23.34,1.75,77.7,61.1,949.5,-7.0,0.0,-15.76,-0.17,841.5,37,0
20.88,23.4,1.73,77.7,61.12,948.5,-7.0,0.0,4.41,-0.01,850.5,37,0
20.88,23.45,1.72,77.75,61.2,955.0,-7.0,0.0,-4.41,0.06,847.5,37,0
20.94,23.55,1.73,77.75,61.25,957.0,-7.0,0.0,-0.96,0.03,847.5,37,0
20.94,23.55,1.76,77.75,61.38,965.0,-7.0,0.0,19.39,0.04,847.5,37,0
20.94,23.56,1.78,77.8,61.53,970.0,-7.0,0.0,20.94,-0.01,839.0,37,0
20.94,23.55,1.75,77.8,61.56,972.5,-7.0,0.0,14.2,0.02,838.5,37,0
20.94,23.55,1.76,77.8,61.66,982.0,-7.0,0.0,5.23,-0.02,838.5,37,0
20.88,23.55,1.75,77.9,61.72,983.0,-7.0,0.0,-0.06,0.0,840.5,37,0
20.83,23.52,1.74,77.9,61.75,984.5,-7.0,0.0,-0.0,-0.06,851.0,37,0
20.83,23.52,1.69,77.94,61.75,984.0,-7.0,0.0,-8.16,-0.05,851.5,37,0
20.83,23.55,1.72,77.94,61.78,984.5,-7.2,0.0,-15.56,-0.03,841.0,37,0
20.83,23.55,1.7,78.0,61.75,985.0,-7.2,0.0,-7.28,0.01,848.5,37,0
20.75,23.56,1.71,78.0,61.66,981.5,-7.2,0.0,-14.77,-0.02,849.5,37,0
20.75,23.56,1.74,78.0,61.62,978.0,-7.2,0.0,-6.7,-0.02,847.5,37,0
20.66,23.62,1.74,78.06,61.66,980.0,-7.2,0.0,-0.92,0.01,838.5,37,0
20.66,23.62,1.72,78.06,61.7,984.0,-7.2,0.0,20.2,0.0,838.5,37,0
20.62,23.69,1.7,78.1,61.78,992.0,-7.2,0.0,17.31,0.01,838.5,37,0
20.42,23.81,1.69,78.1,61.94,996.5,-7.2,0.0,16.02,-0.0,838.0,37,0
20.31,23.84,1.69,78.2,61.97,997.0,-7.2,0.0,13.52,-0.0,842.0,37,0
20.22,23.81,1.74,78.2,61.94,997.5,-7.2,0.0,-26.02,0.02,841.5,37,0
20.16,23.84,1.73,78.25,61.94,994.5,-7.2,0.0,-18.8,-0.03,841.5,37,0
20.06,23.81,1.7,78.25,61.94,996.0,-7.2,0.0,-3.07,0.02,842.0,37,0
20.11,23.78,1.79,78.3,62.03,1006.0,-7.2,0.0,3.51,-0.01,842.5,37,0
20.16,23.72,1.82,78.3,62.2,1012.0,-7.2,0.0,6.36,0.02,842.0,37,0
20.22,23.69,1.76,78.3,62.28,1020.0,-7.2,0.0,-7.2,-0.07,840.0,37,0
20.16,23.69,1.77,78.4,62.38,1021.5,-7.2,0.0,-0.67,-0.06,840.0,37,0
20.27,23.72,1.78,78.44,62.44,1026.0,-7.2,0.0,-10.99,-0.01,839.5,37,0
20.27,23.72,1.75,78.44,62.47,1028.0,-7.2,0.0,10.81,0.02,839.5,37,0
20.31,23.62,1.75,78.5,62.4,1021.5,-7.2,0.0,15.8,0.0,839.5,37,0
20.42,23.62,1.78,78.5,62.38,1023.5,-7.2,0.0,19.98,-0.01,842.0,37,0
20.5,23.56,1.82,78.5,62.38,1019.5,-7.2,0.0,1.51,0.01,842.0,37,0
20.56,23.52,1.78,78.56,62.34,1022.0,-7.2,0.0,0.66,0.0,842.0,37,0
20.56,23.45,1.78,78.6,62.3,1018.5,-7.2,0.0,0.0,0.03,842.0,37,0
20.66,23.44,1.77,78.6,62.28,1016.0,-7.2,0.0,-0.13,-0.03,842.0,37,0
20.7,23.4,1.53,78.6,60.62,899.5,-7.2,0.0,-14.42,-0.0,839.5,37,0
20.8,23.33,1.46,78.7,58.5,800.0,-7.2,0.0,-15.95,-0.04,839.0,37,0
20.88,23.27,1.44,78.7,57.44,761.0,-7.2,0.0,-16.0,0.01,839.0,37,0
20.94,23.19,1.43,78.7,57.6,779.0,-7.2,0.0,-8.94,-0.01,838.5,37,0
20.95,23.12,1.47,78.75,57.62,780.0,-7.2,0.0,-2.74,-0.0,838.5,37,0
21.02,23.1,1.48,78.75,57.6,778.0,-7.2,0.0,-0.21,0.01,838.5,37,0
21.02,23.12,1.44,78.75,57.47,768.5,-7.2,0.0,-0.01,0.02,841.0,37,0
20.95,23.16,1.45,78.8,57.47,771.0,-7.2,0.0,-0.0,0.04,841.0,37,0
20.95,23.19,1.43,78.8,57.56,781.0,-7.2,0.0,8.09,0.05,841.0,37,0
21.02,23.27,1.46,78.9,57.7,780.0,-7.2,0.0,5.73,0.01,841.0,37,0
20.95,23.3,1.47,78.9,57.6,780.5,-7.2,0.0,0.24,0.04,841.0,37,0
20.95,23.3,1.46,78.94,57.62,779.5,-7.2,0.0,0.01,0.03,841.5,37,0
20.94,23.3,1.43,78.94,57.6,779.0,-7.2,0.0,-7.06,-0.04,839.0,37,0
20.94,23.27,1.46,79.0,57.56,776.0,-7.2,0.0,-15.58,0.03,838.5,37,0
20.88,23.27,1.42,79.0,57.6,778.5,-7.2,0.0,-15.99,-0.0,838.5,37,0
20.83,23.3,1.44,79.0,57.62,779.5,-7.2,0.0,-2.54,0.0,838.5,37,0
20.8,23.3,1.48,79.06,57.7,785.5,-7.2,0.0,-0.11,0.02,838.0,37,0
20.83,23.27,1.46,79.06,57.66,782.0,-7.2,0.0,-0.0,-0.01,838.0,37,0
20.83,23.27,1.43,79.1,57.53,777.0,-7.2,0.0,-0.0,0.02,840.0,37,0
20.83,23.23,1.44,79.1,57.56,778.5,-7.2,0.0,9.92,-0.01,840.5,37,0
20.95,23.23,1.45,79.2,57.62,780.5,-7.2,0.0,15.75,-0.0,840.5,37,0
20.94,23.23,1.45,79.2,57.47,772.0,-7.2,0.0,11.82,0.02,840.5,37,0
20.95,23.23,1.43,79.2,57.38,772.0,-7.2,0.0,38.66,0.02,840.5,37,0
20.95,23.23,1.48,79.25,57.4,771.5,-7.2,0.0,22.66,-0.01,840.5,37,0
20.94,23.23,1.43,79.25,57.4,771.5,-7.2,0.0,-2.73,0.02,839.0,37,0
20.94,23.23,1.46,79.25,57.38,772.5,-7.2,0.0,-12.19,0.02,838.5,37,0
20.94,23.19,1.46,79.3,57.4,772.0,-7.2,0.0,-13.37,-0.01,838.0,37,0
20.94,23.12,1.4,79.3,57.3,770.0,-7.2,0.0,-0.7,-0.02,838.0,37,0
20.94,23.12,1.39,79.4,57.47,774.0,-7.2,0.0,10.68,-0.02,838.0,37,0
20.94,23.05,1.47,79.4,57.22,763.0,-7.2,0.0,12.16,-0.0,838.0,37,0
20.94,22.98,1.48,79.4,57.2,764.5,-7.2,0.0,-6.74,-0.03,839.5,37,0
20.94,22.98,1.65,79.44,59.12,884.5,-7.2,0.0,0.32,0.04,840.0,37,0
20.95,22.98,1.71,79.44,60.78,958.0,-7.2,0.0,28.5,-0.02,840.0,37,0
20.95,22.98,1.71,79.5,61.28,976.0,-7.2,0.0,1.7,0.01,840.5,37,0
21.02,23.02,1.7,79.5,61.47,986.0,-7.2,0.0,-2.44,-0.02,840.5,37,0
21.06,23.02,1.71,79.5,61.62,990.0,-7.2,0.0,-0.94,-0.05,840.5,37,0
21.06,23.02,1.69,79.56,61.56,985.5,-7.2,0.0,-13.09,0.01,838.5,37,0
21.06,23.02,1.69,79.56,61.6,989.5,-7.2,0.0,8.17,-0.02,837.5,37,0
21.06,22.98,1.68,79.6,61.56,984.0,-7.2,0.0,15.69,0.03,837.5,37,0
21.11,22.92,1.51,79.6,59.72,868.5,-7.2,0.0,-7.2,0.04,837.5,37,0
21.06,22.95,1.48,79.6,58.0,786.5,-7.2,0.0,-40.75,0.01,838.0,37,0
21.06,22.92,1.46,79.6,57.6,780.0,-7.2,0.0,-41.78,0.01,837.5,37,0
21.06,22.95,1.45,79.7,57.56,779.0,-7.2,0.0,-10.26,-0.04,840.0,37,0
21.06,22.95,1.45,79.7,57.4,774.0,-7.2,0.0,-0.43,0.07,840.0,37,0
21.11,22.95,1.47,79.7,57.5,780.5,-7.2,0.0,-0.01,0.0,840.5,37,0
21.12,22.95,1.48,79.75,57.6,782.5,-7.2,0.0,-0.0,-0.0,840.5,37,0
21.19,22.95,1.45,79.75,57.6,785.0,-7.2,0.0,10.7,0.05,840.5,37,0
21.19,22.92,1.46,79.75,57.53,779.0,-7.2,0.0,14.34,-0.01,840.5,37,0
21.19,22.92,1.5,79.8,57.47,777.0,-7.2,0.0,1.58,-0.01,838.5,37,0
21.19,22.88,1.49,79.8,57.47,779.0,-7.2,0.0,14.88,0.06,838.0,37,0
21.23,22.84,1.51,79.9,57.6,784.5,-7.0,0.0,15.01,-0.0,838.0,37,0
21.3,22.81,1.49,79.9,57.62,785.0,-7.2,0.0,11.62,-0.04,837.5,37,0
21.31,22.84,1.49,79.94,57.88,801.0,-7.0,0.0,9.48,0.02,837.5,37,0
21.31,22.81,1.59,80.0,59.8,908.5,-7.0,0.0,8.75,-0.02,839.5,37,0
21.31,22.77,1.58,80.0,60.44,936.0,-7.0,0.0,21.61,0.06,840.0,37,0
21.31,22.77,1.64,80.0,60.6,942.5,-7.0,0.0,0.72,0.07,840.0,37,0
21.31,22.73,1.61,80.06,60.84,955.5,-7.2,0.0,-15.14,-0.0,840.0,37,0
21.36,22.77,1.69,80.06,61.12,967.5,-7.2,0.0,-15.98,-0.06,840.5,37,0
24.0,24.0,2.09,129.2,61.16,1191.0,7.2,0.0,15.74,-0.02,822.5,18,4
24.0,24.0,2.13,129.2,61.2,1192.0,7.2,0.0,11.13,-0.0,822.5,18,4
24.0,24.0,2.07,129.2,61.03,1186.0,7.2,0.0,-0.85,0.0,,18,4
24.0,24.0,2.12,129.2,61.16,1190.0,7.2,0.0,-30.64,-0.03,824.5,18,4
24.0,24.0,2.08,129.1,61.25,1197.0,7.2,0.0,-23.95,-0.02,825.0,18,4
24.0,24.0,2.06,129.1,61.12,1190.0,7.0,0.0,-6.94,-0.01,824.5,18,4
24.0,24.0,2.12,129.0,61.1,1185.0,7.0,0.0,-19.16,0.01,824.0,18,4
24.0,24.0,2.06,129.0,60.9,1176.0,7.0,0.0,-56.16,-0.03,824.0,18,4
24.0,24.0,2.07,129.0,61.0,1178.0,7.0,0.0,-19.4,0.04,824.5,18,4
24.0,24.0,2.13,128.9,60.88,1174.0,7.0,0.0,7.63,0.01,824.5,18,4
24.0,24.0,2.04,128.8,61.06,1177.0,7.0,0.0,-19.4,0.02,825.0,18,4
24.0,24.0,2.1,128.8,61.12,1186.0,6.8,0.0,-53.38,-0.02,825.5,18,4
24.0,24.0,2.09,128.6,61.25,1193.0,6.8,0.0,-14.61,0.01,826.0,18,4
24.0,24.0,2.11,128.6,61.38,1198.0,6.8,0.0,57.2,-0.0,826.5,18,4
24.0,24.0,1.91,128.5,58.88,1092.0,6.8,0.0,23.16,0.0,826.5,18,4
24.0,24.0,1.84,128.5,57.84,1001.5,6.8,0.0,6.35,0.02,826.5,18,4
24.0,24.0,1.82,128.4,57.25,972.5,6.8,0.0,27.23,-0.02,827.0,18,4
24.0,24.0,1.83,128.4,57.12,958.0,6.8,0.0,31.56,-0.0,827.5,18,4
24.0,24.0,1.87,128.2,57.16,955.5,6.5,0.0,15.92,-0.02,827.5,18,4
24.0,24.0,1.85,128.2,57.4,967.0,6.5,0.0,4.26,-0.01,828.0,18,4
24.0,24.0,1.86,128.1,57.53,976.0,6.5,0.0,-40.5,0.01,828.0,18,4
24.0,24.0,1.82,128.0,57.75,986.5,6.5,0.0,-46.7,-0.02,828.5,18,4
24.0,24.0,1.81,128.0,57.88,999.0,6.5,0.0,-17.38,0.03,828.5,18,4
24.0,24.0,1.82,127.94,57.88,1002.0,6.5,0.0,7.65,0.0,828.5,18,4
24.0,24.0,1.82,127.8,58.12,1011.0,6.5,0.0,11.31,-0.0,828.5,18,4
24.0,24.0,1.85,127.75,58.22,1017.5,6.5,0.0,-5.2,0.0,828.5,18,4
24.0,24.0,1.83,127.7,58.25,1017.5,6.5,0.0,-38.3,-0.02,828.0,18,4
24.0,24.0,1.83,127.6,58.03,1013.0,6.2,0.0,3.98,-0.01,827.5,18,4
24.0,24.0,1.88,127.56,58.3,1021.5,6.2,0.0,17.27,-0.02,827.0,18,4
24.0,24.0,1.83,127.5,58.38,1028.0,6.2,0.0,11.52,-0.03,832.5,18,4
24.0,24.0,1.83,127.44,58.38,1030.0,6.2,0.0,1.1,0.01,839.5,18,4
24.0,24.0,1.81,127.4,58.1,1019.0,6.2,0.0,-9.59,-0.0,839.5,18,4
24.0,24.0,1.81,127.3,58.22,1018.0,6.2,0.0,10.03,0.01,840.0,18,4
24.0,24.0,1.82,127.25,58.4,1029.0,6.2,0.0,-19.7,-0.02,840.0,18,4
24.0,24.0,1.84,127.2,58.38,1029.0,6.2,0.0,-8.85,-0.02,840.0,18,4
24.0,24.0,1.82,127.1,58.38,1031.0,6.2,0.0,38.88,0.0,840.5,18,4
24.0,24.0,1.82,127.06,58.3,1028.0,6.2,0.0,14.52,-0.01,840.0,18,4
24.0,24.0,1.8,127.0,58.44,1033.0,6.2,0.0,31.8,-0.02,840.5,18,4
24.0,24.0,1.85,126.94,58.47,1034.0,6.2,0.0,31.23,-0.03,840.0,18,4
24.0,24.0,1.83,126.9,58.62,1046.0,6.2,0.0,-34.9,0.02,840.0,18,4
24.0,24.0,1.86,126.75,58.62,1047.0,6.2,0.0,-27.14,-0.01,840.0,18,4
24.0,24.0,1.83,126.7,58.5,1046.0,6.2,0.0,-18.94,-0.01,840.0,18,4
24.0,24.0,1.9,126.6,58.25,1032.0,6.0,0.0,-30.7,0.03,838.0,18,4
24.0,24.0,1.87,126.56,58.62,1040.0,6.0,0.0,2.78,-0.01,837.5,18,4
24.0,24.0,1.89,126.5,58.66,1045.0,6.0,0.0,-7.31,-0.04,837.5,18,4
24.0,24.0,2.33,126.44,61.34,1189.0,6.0,0.0,36.25,-0.01,837.5,18,4
24.0,24.0,2.38,126.4,61.7,1240.0,6.0,0.0,45.56,0.03,843.0,18,4
24.0,24.0,2.43,126.3,61.12,1194.0,6.0,0.0,26.28,-0.04,843.0,18,4
24.0,24.0,2.39,126.25,61.44,1197.0,6.0,0.0,-20.77,0.02,841.0,18,4
24.0,24.0,2.24,126.2,60.0,1143.0,6.0,0.0,-41.9,-0.01,841.0,18,4
24.0,24.0,2.13,126.1,58.75,1049.0,6.0,0.0,-16.45,0.0,841.5,18,4
24.0,24.0,2.12,126.06,58.7,1033.0,6.0,0.0,-1.9,0.01,841.5,18,4
24.0,24.0,2.1,126.0,58.72,1033.0,6.0,0.0,12.38,-0.0,841.5,18,4
24.0,24.0,2.14,125.94,58.97,1044.0,6.0,0.0,-2.65,-0.04,841.5,18,4
24.0,24.0,2.06,125.9,59.03,1052.0,6.0,0.0,-2.48,0.0,790.5,18,4
24.0,24.0,2.13,125.8,58.88,1062.0,6.0,0.0,14.87,0.01,782.0,18,4
24.0,24.0,2.1,125.75,58.94,1069.0,6.0,0.0,26.73,0.0,778.0,18,4
24.0,24.0,2.06,125.56,59.12,1079.0,6.0,0.0,32.12,0.0,768.0,18,4
24.0,24.0,2.07,125.5,59.16,1083.0,6.0,0.0,36.1,0.03,765.5,18,4
24.0,24.0,2.1,125.44,59.12,1081.0,6.0,0.0,6.02,0.0,757.0,18,4
24.0,24.0,2.08,125.4,59.12,1083.0,6.0,0.0,-11.75,-0.01,759.0,18,4
24.0,24.0,2.1,125.3,59.12,1082.0,5.8,0.0,-16.06,0.03,760.0,18,4
24.0,24.0,2.07,125.25,59.25,1088.0,5.8,0.0,-23.23,0.01,763.0,18,4
24.0,24.0,2.03,125.2,59.28,1087.0,5.8,0.0,-8.37,0.0,776.0,18,4
24.0,24.0,2.09,125.1,59.62,1094.0,5.8,0.0,-14.79,-0.02,779.0,18,4
24.0,24.0,2.06,125.06,59.8,1097.0,5.8,0.0,-4.56,0.02,819.5,18,4
24.0,24.0,2.12,125.0,59.78,1097.0,5.8,0.0,-11.58,-0.01,823.5,18,4
24.0,24.0,2.07,124.94,59.7,1092.0,5.8,0.0,-33.47,-0.0,822.5,18,4
24.0,24.0,2.12,124.9,59.7,1092.0,5.8,0.0,-30.6,0.04,822.5,18,4
24.0,24.0,2.1,124.8,59.62,1092.0,5.8,0.0,23.1,-0.01,846.0,18,4
24.0,24.0,2.07,124.75,59.72,1092.0,5.8,0.0,51.66,-0.02,849.0,18,4
24.0,24.0,2.07,124.7,59.84,1101.0,5.8,0.0,15.92,0.03,849.5,18,4
24.0,24.0,2.09,124.6,59.94,1106.0,5.8,0.0,-7.56,-0.01,849.0,18,4
24.0,24.0,2.12,124.56,59.84,1101.0,5.8,0.0,-60.6,-0.02,851.0,18,4
24.0,24.0,2.09,124.5,59.8,1100.0,5.8,0.0,-19.73,0.01,850.5,18,4
24.0,24.0,2.07,124.44,59.84,1101.0,5.8,0.0,1.55,-0.0,844.5,18,4
24.0,24.0,2.06,124.4,59.9,1104.0,5.8,0.0,-11.32,-0.02,844.5,18,4
24.0,24.0,2.04,124.3,59.94,1107.0,5.8,0.0,10.24,0.03,844.5,18,4
24.0,24.0,2.08,124.25,59.84,1100.0,5.8,0.0,5.65,-0.07,845.5,18,4
24.0,24.0,2.09,124.2,59.88,1103.0,5.8,0.0,1.12,0.02,842.5,18,4
24.0,24.0,2.08,124.1,60.03,1110.0,5.8,0.0,25.94,-0.02,842.5,18,4
24.0,24.0,2.12,124.06,60.06,1113.0,5.8,0.0,31.64,-0.02,842.5,18,4
24.0,24.0,2.07,124.0,59.94,1106.0,5.8,0.0,15.8,0.0,842.5,18,4
24.0,24.0,2.1,123.94,60.03,1112.0,5.8,0.0,-14.11,0.0,842.5,18,4
24.0,24.0,2.07,123.9,59.8,1114.0,5.8,0.0,13.1,0.01,842.0,18,4
24.0,24.0,2.03,123.8,60.22,1121.0,5.8,0.0,-13.92,0.02,844.5,18,4
24.0,24.0,2.1,123.75,60.12,1119.0,5.8,0.0,-11.67,0.0,845.5,18,4
24.0,24.0,2.08,123.7,60.1,1115.0,5.8,0.0,1.86,-0.02,845.5,18,4
24.0,24.0,2.06,123.6,60.28,1125.0,5.8,0.0,8.34,0.0,845.5,18,4
24.0,24.0,2.06,123.56,60.25,1126.0,5.8,0.0,21.6,0.02,846.0,18,4
24.0,24.0,2.09,123.5,60.22,1123.0,5.5,0.0,20.8,-0.05,846.0,18,4
24.0,24.0,2.07,123.44,60.2,1119.0,5.5,0.0,4.8,0.02,843.0,18,4
24.0,24.0,2.08,123.44,60.06,1116.0,5.5,0.0,8.28,0.01,842.5,18,4
24.0,24.0,2.08,123.4,60.16,1119.0,5.5,0.0,22.25,-0.05,842.0,18,4
24.0,24.0,2.04,123.3,60.38,1126.0,5.5,0.0,8.31,0.02,842.0,18,4
24.0,24.0,2.07,123.25,60.3,1127.0,5.5,0.0,-7.4,0.03,829.5,18,4
24.0,24.0,2.04,123.2,60.3,1127.0,5.5,0.0,-4.08,0.0,830.5,18,4
24.0,24.0,2.08,123.1,60.4,1132.0,5.5,0.0,-8.26,-0.0,834.0,18,4
24.0,24.0,2.09,123.06,60.38,1131.0,5.5,0.0,3.22,0.0,835.0,18,4
24.0,24.0,2.14,123.0,60.4,1131.0,5.5,0.0,15.9,-0.01,835.5,18,4
24.0,24.0,2.09,122.94,60.4,1133.0,5.5,0.0,21.08,-0.01,836.0,18,4
24.0,24.0,2.07,122.9,60.4,1134.0,5.5,0.0,18.02,0.02,836.5,18,4
24.0,24.0,2.08,122.8,60.44,1135.0,5.5,0.0,15.46,0.0,837.5,18,4
24.0,24.0,2.09,122.75,60.6,1140.0,5.5,0.0,1.15,-0.01,835.0,18,4
24.0,24.0,2.09,122.7,60.5,1139.0,5.5,0.0,9.95,0.02,834.0,18,4
24.0,24.0,2.08,122.6,60.47,1137.0,5.5,0.0,13.4,-0.02,834.0,18,4
24.0,24.0,2.07,122.56,60.4,1137.0,5.5,0.0,-7.39,0.01,834.0,18,4
24.0,24.0,2.11,122.5,60.5,1139.0,5.5,0.0,-4.49,-0.01,834.0,18,4
24.0,24.0,2.07,122.5,60.53,1140.0,5.5,0.0,-0.68,0.01,834.5,18,4
24.0,24.0,2.09,122.44,60.53,1142.0,5.5,0.0,-0.27,0.02,837.5,18,4
24.0,24.0,2.06,122.4,60.6,1143.0,5.5,0.0,-2.82,-0.01,838.5,18,4
24.0,24.0,2.08,122.3,60.66,1148.0,5.5,0.0,-0.73,0.0,838.5,18,4
24.0,24.0,2.07,122.25,60.7,1150.0,5.5,0.0,-12.71,0.02,838.5,18,4
24.0,24.0,2.1,122.2,60.75,1150.0,5.5,0.0,-0.45,-0.01,839.0,18,4
24.0,24.0,2.11,122.1,60.72,1151.0,5.5,0.0,0.24,0.01,839.5,18,4
24.0,24.0,2.07,122.1,60.78,1154.0,5.5,0.0,5.96,-0.0,836.5,18,4
24.0,24.0,2.11,122.06,60.78,1154.0,5.5,0.0,3.9,-0.03,836.0,18,4
24.0,24.0,2.07,122.0,60.66,1148.0,5.5,0.0,15.12,-0.01,835.5,18,4
24.0,24.0,2.07,121.94,60.72,1152.0,5.5,0.0,15.38,-0.01,835.5,18,4
24.0,24.0,2.07,121.9,60.84,1156.0,5.5,0.0,13.5,0.03,835.5,18,4
24.0,24.0,2.08,121.9,60.75,1155.0,5.5,0.0,-5.63,-0.01,836.0,18,4
24.0,24.0,2.1,121.8,60.7,1149.0,5.5,0.0,-11.31,-0.0,839.0,18,4
24.0,24.0,2.12,121.75,60.7,1150.0,5.5,0.0,-18.62,0.01,840.0,18,4
24.0,24.0,2.07,121.75,60.84,1156.0,5.5,0.0,-5.83,0.0,840.5,18,4
24.0,24.0,2.1,121.7,60.78,1153.0,5.5,0.0,6.66,-0.01,841.0,18,4
24.0,24.0,2.08,121.6,60.75,1154.0,5.5,0.0,-24.23,-0.0,841.5,18,4
24.0,24.0,2.1,121.56,60.78,1153.0,5.5,0.0,-20.27,0.01,843.0,18,4
24.0,24.0,2.12,121.56,60.72,1153.0,5.5,0.0,-3.32,0.0,841.5,18,4
24.0,24.0,2.06,121.5,60.84,1158.0,5.5,0.0,-2.44,-0.0,841.5,18,4
24.0,24.0,2.08,121.44,60.9,1160.0,5.2,0.0,-1.61,-0.01,841.0,18,4
24.0,24.0,2.1,121.4,60.88,1160.0,5.2,0.0,-3.7,0.0,841.0,18,4
24.0,24.0,2.07,121.4,60.94,1162.0,5.2,0.0,5.06,-0.01,841.0,18,4
24.0,24.0,2.1,121.3,61.0,1164.0,5.2,0.0,-7.93,-0.0,840.0,18,4
24.0,24.0,2.07,121.25,60.94,1164.0,5.2,0.0,-16.9,-0.01,840.5,18,4
24.0,24.0,2.11,121.25,60.94,1164.0,5.2,0.0,-7.94,0.02,840.5,18,4
24.0,24.0,2.09,121.2,60.94,1162.0,5.2,0.0,-3.49,0.0,843.5,18,4
24.0,24.0,2.07,121.1,61.0,1166.0,5.2,0.0,25.39,0.03,843.0,18,4
24.0,24.0,2.08,121.1,60.9,1164.0,5.2,0.0,15.47,0.01,843.0,18,4
24.0,24.0,2.08,121.06,61.06,1168.0,5.2,0.0,-3.4,0.01,844.0,18,4
24.0,24.0,2.05,121.0,61.12,1172.0,5.2,0.0,-7.34,0.03,844.0,18,4
24.0,24.0,2.09,121.0,60.94,1164.0,5.2,0.0,-11.74,-0.02,841.0,18,4
24.0,24.0,2.1,120.94,60.94,1164.0,5.2,0.0,-13.35,0.0,841.0,18,4
24.0,24.0,2.09,120.9,61.0,1166.0,5.2,0.0,-1.77,-0.02,841.5,18,4
24.0,24.0,2.08,120.9,61.06,1170.0,5.2,0.0,12.5,0.02,842.0,18,4
24.0,24.0,2.06,120.8,60.97,1166.0,5.2,0.0,27.27,0.01,841.0,18,4
24.0,24.0,2.12,120.75,61.0,1165.0,5.2,0.0,20.1,-0.02,841.5,18,4
24.0,24.0,2.07,120.75,61.06,1169.0,5.2,0.0,-4.83,0.02,842.0,18,4
24.0,24.0,2.06,120.7,60.97,1166.0,5.2,0.0,7.31,0.03,842.0,18,4
24.0,24.0,2.11,120.6,61.12,1174.0,5.2,0.0,-22.53,-0.02,841.5,18,4
24.0,24.0,2.07,120.6,60.97,1166.0,5.2,0.0,-15.51,-0.01,841.5,18,4
24.0,24.0,2.12,120.56,61.03,1170.0,5.2,0.0,-2.5,-0.01,843.0,18,4
24.0,24.0,2.09,120.5,60.9,1164.0,5.2,0.0,-3.38,0.01,841.5,18,4
24.0,24.0,2.07,120.5,61.0,1165.0,5.2,0.0,0.38,-0.04,841.0,18,4
24.0,24.0,2.1,120.44,61.1,1170.0,5.2,0.0,7.69,-0.01,841.0,18,4
24.0,24.0,2.09,120.44,60.97,1170.0,5.2,0.0,30.34,-0.02,841.0,18,4
24.0,24.0,2.08,120.4,60.9,1168.0,5.2,0.0,28.33,0.02,841.0,18,4
24.0,24.0,2.1,120.3,60.88,1162.0,5.2,0.0,-1.69,0.0,840.0,18,4
24.0,24.0,2.07,120.3,61.03,1169.0,5.2,0.0,-13.76,-0.02,841.5,18,4
24.0,24.0,2.12,120.25,61.0,1168.0,5.2,0.0,-3.89,0.01,842.0,18,4
24.0,24.0,2.07,120.25,60.94,1166.0,5.2,0.0,-4.44,0.0,842.0,18,4
24.0,24.0,2.11,120.2,61.0,1167.0,5.2,0.0,-13.34,-0.04,841.5,18,4
24.0,24.0,2.1,120.1,61.03,1169.0,5.2,0.0,9.95,0.01,841.5,18,4
24.0,24.0,2.1,120.1,60.75,1157.0,5.2,0.0,15.78,0.02,843.0,18,4
24.0,24.0,2.08,120.06,60.97,1164.0,5.2,0.0,6.88,-0.0,841.5,18,4
24.0,24.0,2.09,120.0,61.0,1167.0,5.2,0.0,-14.7,-0.01,841.0,18,4
24.0,24.0,2.07,120.0,60.97,1166.0,5.2,0.0,-8.75,0.02,841.0,18,4
24.0,24.0,2.03,119.94,60.94,1165.0,5.2,0.0,-15.98,-0.01,841.0,18,4
24.0,24.0,2.12,119.9,61.0,1167.0,5.2,0.0,5.02,0.01,840.0,18,4
24.0,24.0,2.11,119.9,60.94,1166.0,5.2,0.0,9.9,0.01,841.0,18,4
24.0,24.0,2.07,119.8,60.94,1166.0,5.2,0.0,-2.96,-0.01,841.5,18,4
24.0,24.0,2.07,119.75,60.94,1162.0,5.2,0.0,9.73,0.02,841.5,18,4
24.0,24.0,2.07,119.75,60.88,1162.0,5.2,0.0,5.9,0.01,841.5,18,4
24.0,24.0,2.09,119.7,60.94,1165.0,5.2,0.0,-11.6,0.01,841.5,18,4
24.0,24.0,2.11,119.7,61.03,1168.0,5.2,0.0,-3.61,0.0,843.0,18,4
24.0,24.0,2.09,119.6,61.0,1168.0,5.2,0.0,4.4,-0.0,841.5,18,4
24.0,24.0,2.1,119.6,60.8,1161.0,5.2,0.0,12.45,0.0,841.5,18,4
24.0,24.0,2.09,119.56,60.88,1161.0,5.2,0.0,0.79,0.0,841.5,18,4
24.0,24.0,2.07,119.5,60.88,1162.0,5.2,0.0,-3.63,-0.0,841.5,18,4
24.0,24.0,2.07,119.5,60.88,1163.0,5.2,0.0,7.93,-0.04,842.0,18,4
24.0,24.0,2.12,119.5,60.97,1166.0,5.2,0.0,25.48,-0.0,840.5,18,4
24.0,24.0,2.08,119.44,60.97,1167.0,5.0,0.0,-8.34,-0.02,842.0,18,4
24.0,24.0,2.05,119.4,61.03,1170.0,5.0,0.0,-8.43,0.01,842.5,18,4
24.0,24.0,2.08,119.4,60.9,1165.0,5.0,0.0,9.54,0.04,842.5,18,4
24.0,24.0,2.06,119.3,60.88,1161.0,5.0,0.0,11.75,0.0,842.5,18,4
24.0,24.0,2.11,119.3,60.97,1166.0,5.0,0.0,-6.82,-0.04,842.5,18,4
24.0,24.0,2.1,119.25,60.8,1159.0,5.0,0.0,-18.1,0.01,844.0,18,4
24.0,24.0,2.06,119.25,60.97,1166.0,5.0,0.0,-17.7,-0.01,842.5,18,4
24.0,24.0,2.1,119.2,61.06,1171.0,5.0,0.0,-4.04,0.01,842.5,18,4
24.0,24.0,2.08,119.2,61.06,1173.0,5.0,0.0,17.9,0.02,842.5,18,4
24.0,24.0,2.07,119.1,60.97,1167.0,5.0,0.0,16.16,0.01,842.5,18,4
24.0,24.0,2.08,119.1,59.97,1111.0,5.0,0.0,12.38,0.0,842.5,18,4
24.0,24.0,2.03,119.06,59.03,1054.0,5.0,0.0,14.3,0.0,841.5,18,4
24.0,24.0,2.04,119.06,58.84,1037.0,5.0,0.0,6.63,0.02,843.0,18,4
24.0,24.0,2.04,119.0,58.88,1034.0,5.0,0.0,-35.34,-0.01,843.0,18,4
24.0,24.0,2.06,119.0,59.12,1048.0,5.0,0.0,-39.8,0.01,836.0,18,4
24.0,24.0,2.06,118.94,59.22,1055.0,5.0,0.0,-20.75,-0.01,836.0,18,4
24.0,24.0,2.04,118.94,59.34,1063.0,5.0,0.0,-20.3,0.0,836.0,18,4
24.0,24.0,2.08,118.9,59.5,1071.0,5.0,0.0,3.48,0.04,836.5,18,4
24.0,24.0,2.08,118.9,59.7,1081.0,5.0,0.0,15.12,0.02,837.5,18,4
24.0,24.0,2.05,118.8,59.78,1087.0,5.0,0.0,-8.41,-0.01,836.0,18,4
24.0,24.0,2.03,118.8,59.8,1091.0,5.0,0.0,-14.23,-0.0,836.0,18,4
24.0,24.0,2.01,118.8,59.97,1096.0,5.0,0.0,-0.96,-0.0,836.0,18,4
24.0,24.0,2.04,118.75,59.94,1096.0,5.0,0.0,2.04,-0.01,836.0,18,4
24.0,24.0,2.06,118.75,60.03,1102.0,5.0,0.0,6.06,-0.01,836.0,18,4
24.0,24.0,2.07,118.7,60.1,1103.0,5.0,0.0,15.42,0.02,835.0,18,4
24.0,24.0,2.05,118.7,60.1,1107.0,5.0,0.0,23.94,-0.01,836.5,18,4
24.0,24.0,2.09,118.7,60.06,1105.0,5.0,0.0,14.51,-0.0,836.5,18,4
24.0,24.0,2.06,118.6,60.2,1111.0,5.0,0.0,-12.6,0.0,836.5,18,4
24.0,24.0,2.03,118.6,60.28,1116.0,5.0,0.0,2.15,-0.01,836.0,18,4
24.0,24.0,2.05,118.56,60.25,1115.0,5.0,0.0,7.16,0.02,836.5,18,4
24.0,24.0,2.05,118.56,60.3,1119.0,5.0,0.0,-15.11,-0.01,837.5,18,4
24.0,24.0,2.05,118.56,60.34,1120.0,5.0,0.0,-0.49,0.01,836.0,18,4
24.0,24.0,2.02,118.5,60.34,1121.0,5.0,0.0,-3.6,-0.01,836.0,18,4
24.0,24.0,2.09,118.5,60.38,1122.0,5.0,0.0,0.56,-0.0,836.0,18,4
24.0,24.0,2.08,118.5,60.47,1127.0,5.0,0.0,15.48,0.0,836.0,18,4
24.0,24.0,2.04,118.44,60.4,1126.0,5.2,0.0,23.23,-0.02,836.0,18,4
24.0,24.0,2.02,118.44,60.6,1133.0,5.2,0.0,21.92,0.0,834.5,18,4
24.0,24.0,2.05,118.44,60.6,1136.0,5.0,0.0,-16.4,0.04,836.5,18,4
24.0,24.0,2.06,118.4,60.6,1136.0,5.0,0.0,-17.19,-0.03,836.5,18,4
24.0,24.0,2.06,118.4,60.62,1136.0,5.0,0.0,6.3,-0.02,836.5,18,4
24.0,24.0,2.05,118.4,60.72,1143.0,5.0,0.0,-2.64,-0.0,836.5,18,4
24.0,24.0,2.06,118.3,60.72,1146.0,5.0,0.0,7.57,0.0,836.0,18,4
24.0,24.0,2.04,118.3,60.66,1145.0,5.2,0.0,15.49,-0.0,837.5,18,4
24.0,24.0,2.05,118.25,60.75,1148.0,5.2,0.0,-9.36,0.02,836.5,18,4
24.0,24.0,2.07,118.25,60.78,1146.0,5.2,0.0,-15.74,0.0,837.0,18,4
24.0,24.0,2.07,118.25,60.66,1145.0,5.2,0.0,-29.05,0.03,841.0,18,4
24.0,24.0,2.05,118.2,60.9,1152.0,5.0,0.0,-31.19,0.02,841.0,18,4
24.0,24.0,2.08,118.2,60.9,1154.0,5.0,0.0,-24.3,-0.01,841.0,18,4
24.0,24.0,2.07,118.2,60.84,1152.0,5.2,0.0,19.98,-0.0,841.0,18,4
24.0,24.0,2.08,118.1,60.88,1153.0,5.2,0.0,26.55,0.02,841.5,18,4
24.0,24.0,2.06,118.1,60.9,1158.0,5.0,0.0,14.37,0.0,841.5,18,4
24.0,24.0,2.07,118.1,61.0,1160.0,5.0,0.0,14.93,-0.0,841.0,18,4
24.0,24.0,2.08,118.06,60.97,1160.0,5.0,0.0,1.96,-0.01,841.0,18,4
24.0,24.0,2.05,118.06,61.03,1162.0,5.0,0.0,8.3,0.02,841.5,18,4
24.0,24.0,2.06,118.0,61.06,1164.0,5.0,0.0,-9.58,0.01,841.5,18,4
24.0,24.0,2.07,118.0,60.88,1155.0,5.0,0.0,-0.1,-0.02,840.5,18,4
24.0,24.0,2.07,118.0,61.03,1162.0,5.0,0.0,7.25,0.02,840.5,18,4
24.0,24.0,2.01,117.94,60.88,1157.0,5.0,0.0,11.9,0.0,840.5,18,4
24.0,24.0,2.08,117.94,61.12,1167.0,5.0,0.0,1.08,-0.01,840.5,18,4
24.0,24.0,2.05,117.94,61.06,1168.0,5.0,0.0,-3.27,0.03,840.0,18,4
24.0,24.0,2.08,117.9,61.0,1164.0,5.0,0.0,-10.38,-0.05,840.5,18,4
24.0,24.0,2.07,117.9,61.06,1163.0,5.0,0.0,7.77,-0.0,841.0,18,4
24.0,24.0,2.07,117.9,61.12,1168.0,5.0,0.0,-7.56,-0.01,841.5,18,4
24.0,24.0,2.05,117.8,61.16,1171.0,5.0,0.0,2.14,-0.01,841.5,18,4
24.0,24.0,2.04,117.8,61.12,1171.0,5.0,0.0,8.29,0.01,841.5,18,4
24.0,24.0,2.03,117.75,61.1,1165.0,5.0,0.0,31.06,-0.02,842.0,18,4
24.0,24.0,2.07,117.75,61.1,1168.0,5.0,0.0,2.53,0.02,841.5,18,4
24.0,24.0,2.09,117.75,61.0,1163.0,5.0,0.0,4.31,0.01,841.5,18,4
24.0,24.0,2.03,117.7,61.1,1164.0,5.0,0.0,1.09,-0.01,841.5,18,4
24.0,24.0,2.07,117.7,61.03,1164.0,5.0,0.0,15.23,-0.01,841.5,18,4
24.0,24.0,2.08,117.7,61.1,1169.0,5.0,0.0,4.64,0.0,842.0,18,4
24.0,24.0,2.05,117.6,61.1,1168.0,5.0,0.0,3.8,0.02,841.5,18,4
24.0,24.0,2.05,117.6,61.03,1163.0,5.0,0.0,1.59,-0.03,841.5,18,4
24.0,24.0,2.06,117.56,61.1,1168.0,5.0,0.0,0.06,-0.01,842.0,18,4
24.0,24.0,2.1,117.56,61.16,1172.0,5.0,0.0,-3.68,-0.01,841.5,18,4
24.0,24.0,2.36,117.56,61.12,1172.0,5.0,0.0,4.51,0.03,841.5,18,4
24.0,24.0,2.05,117.5,61.03,1164.0,5.0,0.0,16.02,0.01,841.5,18,4
24.0,24.0,2.05,117.5,61.2,1172.0,5.0,0.0,10.09,0.04,841.5,18,4
24.0,24.0,2.06,117.5,61.1,1172.0,5.0,0.0,15.59,-0.01,841.0,18,4
24.0,24.0,2.03,117.44,61.03,1169.0,5.0,0.0,8.93,-0.02,841.0,18,4
24.0,24.0,2.09,117.44,61.06,1166.0,5.0,0.0,1.73,0.03,841.0,18,4
24.0,24.0,2.04,117.44,61.1,1168.0,5.0,0.0,-12.03,-0.01,841.0,18,4
24.0,24.0,2.07,117.4,61.12,1172.0,5.0,0.0,-18.97,-0.02,841.0,18,4
24.0,24.0,2.06,117.4,61.03,1167.0,5.0,0.0,-4.22,0.0,841.0,18,4
24.0,24.0,2.1,117.4,61.12,1170.0,5.0,0.0,-0.16,0.0,841.0,18,4
24.0,24.0,2.1,117.3,61.2,1174.0,5.0,0.0,-0.0,0.01,841.0,18,4
24.0,24.0,2.04,117.3,61.12,1174.0,5.0,0.0,11.6,-0.0,841.5,18,4
24.0,24.0,2.09,117.3,61.16,1174.0,5.0,0.0,-5.71,0.01,841.5,18,4
24.0,24.0,2.04,117.25,61.16,1169.0,5.0,0.0,3.47,-0.01,841.5,18,4
24.0,24.0,2.1,117.25,61.1,1170.0,5.0,0.0,-8.11,0.01,842.0,18,4
24.0,24.0,2.06,117.25,61.06,1167.0,5.0,0.0,-10.89,-0.0,842.0,18,4
24.0,24.0,2.09,117.25,61.1,1170.0,5.0,0.0,-15.76,0.01,841.5,18,4
24.0,24.0,2.07,117.2,61.12,1171.0,5.0,0.0,4.39,0.04,841.5,18,4
24.0,24.0,2.09,117.2,61.1,1171.0,5.0,0.0,24.45,-0.05,841.5,18,4
24.0,24.0,2.07,117.2,61.03,1168.0,5.0,0.0,24.48,-0.0,841.5,18,4
24.0,24.0,2.06,117.1,61.12,1170.0,5.0,0.0,1.76,0.01,841.5,18,4
24.0,24.0,2.1,117.1,61.16,1172.0,5.0,0.0,-0.9,0.0,841.0,18,4
24.0,24.0,2.1,117.1,61.06,1168.0,5.0,0.0,-9.1,0.02,842.0,18,4
24.0,24.0,2.06,117.1,61.16,1172.0,5.0,0.0,-3.68,-0.01,841.5,18,4
24.0,24.0,2.08,117.06,61.12,1172.0,5.0,0.0,-0.14,0.03,841.5,18,4
24.0,24.0,2.09,117.06,61.06,1167.0,5.0,0.0,-13.83,-0.02,841.5,18,4
24.0,24.0,2.05,117.06,61.03,1164.0,5.0,0.0,-12.3,-0.0,841.5,18,4
24.0,24.0,2.09,117.0,61.16,1172.0,5.0,0.0,-0.7,0.02,841.5,18,4
24.0,24.0,2.1,117.0,61.16,1172.0,5.0,0.0,-12.04,-0.02,841.0,18,4
24.0,24.0,2.03,117.0,61.1,1170.0,5.0,0.0,-0.8,0.02,841.0,18,4
24.0,24.0,2.06,117.0,60.97,1164.0,5.0,0.0,10.82,0.01,841.0,18,4
24.0,24.0,2.08,116.94,61.03,1165.0,5.0,0.0,-12.08,-0.01,841.0,18,4
24.0,24.0,2.08,116.94,61.1,1169.0,5.0,0.0,-3.82,0.02,840.5,18,4
24.0,24.0,2.05,116.94,61.12,1172.0,5.0,0.0,-7.51,0.02,840.5,18,4
24.0,24.0,2.04,116.94,61.03,1168.0,5.0,0.0,-2.18,-0.02,841.0,18,4
24.0,24.0,2.1,116.9,61.0,1164.0,5.0,0.0,4.16,0.01,841.0,18,4
24.0,24.0,2.06,116.9,61.12,1170.0,5.0,0.0,0.54,-0.02,841.0,18,4
24.0,24.0,2.07,116.9,61.0,1166.0,5.0,0.0,-3.32,0.01,841.0,18,4
24.0,24.0,2.1,116.9,61.12,1172.0,5.0,0.0,13.67,-0.01,841.0,18,4
24.0,24.0,2.05,116.8,61.06,1171.0,5.0,0.0,15.92,0.04,841.0,18,4
24.0,24.0,2.12,116.8,61.06,1170.0,5.0,0.0,8.6,-0.01,840.5,18,4
24.0,24.0,2.08,116.8,61.12,1172.0,5.0,0.0,-0.21,0.01,840.5,18,4
24.0,24.0,2.02,116.8,61.1,1171.0,5.0,0.0,-31.9,-0.02,840.5,18,4
24.0,24.0,2.09,116.75,61.06,1170.0,5.0,0.0,-8.7,0.02,840.5,18,4
24.0,24.0,2.08,116.75,61.12,1172.0,5.0,0.0,4.45,0.01,840.5,18,4
24.0,24.0,2.11,116.75,61.16,1175.0,5.0,0.0,15.4,-0.02,840.0,18,4
24.0,24.0,2.08,116.75,61.03,1168.0,5.0,0.0,2.94,0.0,841.0,18,4
24.0,24.0,2.09,116.75,61.0,1170.0,5.0,0.0,-9.03,-0.02,841.0,18,4
24.0,24.0,2.05,116.7,61.16,1172.0,5.0,0.0,-9.64,0.0,841.0,18,4
24.0,24.0,2.1,116.7,61.16,1175.0,5.0,0.0,-9.4,-0.02,841.0,18,4
24.0,24.0,2.08,116.7,61.2,1177.0,5.0,0.0,-1.06,0.01,841.0,18,4
24.0,24.0,2.09,116.7,61.16,1177.0,5.0,0.0,2.02,-0.0,841.0,18,4
24.0,24.0,2.09,116.7,61.2,1179.0,5.0,0.0,2.11,-0.0,840.5,18,4
24.0,24.0,2.05,116.6,61.12,1175.0,5.0,0.0,0.08,0.06,840.5,18,4
24.0,24.0,2.09,116.6,61.06,1172.0,5.0,0.0,9.21,0.01,840.5,18,4
24.0,24.0,2.09,116.6,61.16,1175.0,5.0,0.0,9.02,0.02,840.5,18,4
24.0,24.0,2.08,116.6,61.12,1176.0,5.0,0.0,11.9,-0.01,840.5,18,4
24.0,24.0,2.06,116.6,61.1,1170.0,5.0,0.0,11.04,0.02,840.5,18,4
24.0,24.0,2.07,116.56,61.12,1172.0,5.0,0.0,7.18,-0.04,841.0,18,4
24.0,24.0,2.07,116.56,61.1,1173.0,5.0,0.0,2.12,-0.0,841.0,18,4
24.0,24.0,2.08,116.56,61.16,1176.0,5.0,0.0,-11.8,-0.02,841.0,18,4
24.0,24.0,2.13,116.56,61.12,1177.0,5.0,0.0,-9.62,-0.0,841.0,18,4
24.0,24.0,2.04,116.56,61.2,1178.0,5.0,0.0,-9.72,-0.01,841.0,18,4
24.0,24.0,2.1,116.56,61.22,1179.0,5.0,0.0,-0.03,-0.01,841.0,18,4
24.0,24.0,2.04,116.5,61.03,1171.0,5.0,0.0,5.87,0.01,841.0,18,4
24.0,24.0,2.07,116.5,61.12,1173.0,5.0,0.0,13.53,0.03,841.0,18,4
24.0,24.0,2.04,116.5,61.06,1172.0,5.0,0.0,-3.42,0.0,841.0,18,4
24.0,24.0,2.08,116.5,61.06,1169.0,5.0,0.0,-11.65,-0.01,840.5,18,4
24.0,24.0,2.06,116.5,61.16,1175.0,5.0,0.0,12.04,-0.0,840.0,18,4
24.0,24.0,2.07,116.5,61.12,1176.0,5.0,0.0,2.82,-0.03,840.0,18,4
24.0,24.0,2.09,116.5,61.03,1171.0,5.0,0.0,-15.89,-0.01,840.5,18,4
24.0,24.0,2.1,116.44,61.06,1169.0,5.0,0.0,-11.82,-0.02,840.5,18,4
24.0,24.0,2.06,116.44,61.12,1176.0,5.0,0.0,-0.61,0.01,840.5,18,4
24.0,24.0,2.07,116.44,61.06,1172.0,5.0,0.0,-0.02,0.02,840.5,18,4
24.0,24.0,2.09,116.44,61.0,1169.0,5.0,0.0,8.94,-0.02,841.0,18,4
24.0,24.0,2.03,116.44,61.06,1169.0,5.0,0.0,0.71,-0.0,841.0,18,4
24.0,24.0,2.06,116.44,61.1,1173.0,5.0,0.0,5.62,0.01,840.5,18,4
24.0,24.0,2.08,116.44,61.06,1172.0,5.0,0.0,9.56,-0.02,840.0,18,4
24.0,24.0,2.07,116.4,61.12,1176.0,5.0,0.0,0.9,-0.02,840.0,18,4
24.0,24.0,2.07,116.4,61.12,1178.0,5.0,0.0,1.9,-0.0,840.0,18,4
24.0,24.0,2.13,116.4,61.12,1176.0,5.0,0.0,4.79,-0.0,840.0,18,4
24.0,24.0,2.05,116.4,61.16,1177.0,5.0,0.0,12.81,0.01,840.0,18,4
24.0,24.0,2.1,116.4,61.1,1175.0,5.0,0.0,15.88,-0.03,840.5,18,4
24.0,24.0,2.13,116.4,61.12,1178.0,5.0,0.0,1.85,0.02,840.5,18,4
24.0,24.0,2.04,116.4,61.1,1175.0,5.0,0.0,11.46,-0.0,840.5,18,4
24.0,24.0,2.11,116.4,61.1,1174.0,5.0,0.0,5.25,-0.02,840.0,18,4
24.0,24.0,2.07,116.4,61.1,1173.0,5.0,0.0,7.1,0.02,840.5,18,4
24.0,24.0,2.06,116.3,61.12,1177.0,5.0,0.0,1.0,-0.04,840.5,18,4
24.0,24.0,2.09,116.3,61.2,1180.0,5.0,0.0,14.86,0.01,840.0,18,4
24.0,24.0,2.11,116.3,61.12,1180.0,4.8,0.0,7.87,0.01,840.0,18,4
24.0,24.0,2.08,116.3,61.22,1182.0,5.0,0.0,7.41,0.03,840.0,18,4
24.0,24.0,2.12,116.3,61.22,1183.0,5.0,0.0,15.59,0.0,840.0,18,4
24.0,24.0,2.08,116.3,61.2,1182.0,5.0,0.0,11.81,0.0,840.0,18,4
24.0,24.0,2.08,116.3,61.1,1179.0,5.0,0.0,14.83,0.02,840.0,18,4
24.0,24.0,2.05,116.3,61.06,1176.0,5.0,0.0,13.4,-0.02,840.0,18,4
24.0,24.0,2.07,116.3,60.9,1166.0,4.8,0.0,7.19,0.01,840.0,18,4
24.0,24.0,2.04,116.3,60.97,1165.0,4.8,0.0,1.09,0.0,840.0,18,4
24.0,24.0,2.06,116.3,60.8,1157.0,4.8,0.0,-2.05,-0.0,840.0,18,4
24.0,24.0,2.07,116.3,60.88,1162.0,4.8,0.0,-27.36,0.0,840.5,18,4
24.0,24.0,2.02,116.25,60.88,1161.0,4.8,0.0,-19.25,-0.01,840.5,18,4
24.0,24.0,2.06,116.25,60.9,1163.0,5.0,0.0,-3.96,0.0,840.0,18,4
24.0,24.0,2.06,116.25,61.06,1173.0,5.0,0.0,-23.23,0.02,840.0,18,4
24.0,24.0,2.1,116.25,61.12,1176.0,5.0,0.0,-31.48,0.02,840.0,18,4
24.0,24.0,2.05,116.25,61.16,1179.0,5.0,0.0,-17.98,0.0,840.0,18,4
24.0,24.0,2.1,116.25,61.12,1180.0,5.0,0.0,8.67,-0.01,840.0,18,4
24.0,24.0,2.09,116.25,61.16,1180.0,5.0,0.0,8.48,-0.0,839.5,18,4
24.0,24.0,2.1,116.25,61.12,1179.0,5.0,0.0,16.88,0.0,840.0,18,4
24.0,24.0,2.06,116.25,61.03,1178.0,5.0,0.0,4.03,-0.01,840.0,18,4
24.0,24.0,2.11,116.25,61.03,1175.0,5.0,0.0,-2.82,0.02,840.0,18,4
24.0,24.0,2.07,116.25,60.97,1169.0,5.0,0.0,-10.54,0.0,840.0,18,4
24.0,24.0,2.08,116.25,60.94,1170.0,5.0,0.0,22.1,-0.02,840.0,18,4
24.0,24.0,2.07,116.25,60.97,1171.0,5.0,0.0,9.99,-0.01,841.0,18,4
24.0,24.0,2.03,116.25,61.0,1169.0,5.0,0.0,12.43,0.01,840.5,18,4
24.0,24.0,2.04,116.25,61.12,1177.0,5.0,0.0,13.43,0.0,840.5,18,4
24.0,24.0,2.06,116.25,61.06,1178.0,5.0,0.0,20.67,-0.02,840.5,18,4
24.0,24.0,2.09,116.25,61.12,1177.0,5.0,0.0,14.78,0.04,840.5,18,4
24.0,24.0,2.08,116.25,61.03,1176.0,5.0,0.0,5.49,-0.05,840.5,18,4
24.0,24.0,2.08,116.25,61.06,1176.0,5.0,0.0,-26.61,-0.01,838.5,18,4
24.0,24.0,2.08,116.25,61.03,1174.0,5.0,0.0,-50.84,-0.01,839.0,18,4
24.0,24.0,2.08,116.25,60.9,1172.0,5.0,0.0,-31.95,-0.02,839.0,18,4
24.0,24.0,2.06,116.25,61.03,1173.0,5.0,0.0,-8.31,-0.01,838.5,18,4
24.0,24.0,2.04,116.25,61.12,1180.0,5.0,0.0,-21.02,-0.01,838.5,18,4
24.0,24.0,2.11,116.25,61.1,1178.0,5.0,0.0,-7.5,0.02,838.5,18,4
24.0,24.0,2.05,116.25,61.12,1180.0,5.0,0.0,-0.76,-0.02,840.5,18,4
24.0,24.0,2.09,116.25,60.97,1173.0,5.0,0.0,8.19,-0.01,839.5,18,4
24.0,24.0,2.08,116.25,61.1,1177.0,5.0,0.0,6.56,-0.0,839.5,18,4
24.0,24.0,2.07,116.25,61.16,1184.0,5.0,0.0,27.9,-0.01,839.5,18,4
24.0,24.0,2.09,116.25,61.1,1182.0,5.0,0.0,11.31,0.01,840.0,18,4
24.0,24.0,2.1,116.25,61.1,1180.0,5.0,0.0,-24.64,0.0,839.5,18,4
24.0,24.0,2.1,116.25,61.0,1175.0,5.0,0.0,-18.4,-0.0,838.0,18,4
24.0,24.0,2.08,116.25,61.06,1178.0,5.0,0.0,-11.52,0.0,839.0,18,4
24.0,24.0,2.11,116.25,61.03,1175.0,5.0,0.0,-3.9,-0.01,839.0,18,4
24.0,24.0,2.05,116.25,61.0,1176.0,5.0,0.0,4.54,0.01,839.0,18,4
24.0,24.0,2.1,116.25,61.06,1178.0,5.0,0.0,15.4,-0.01,838.5,18,4
24.0,24.0,2.06,116.25,61.06,1179.0,5.0,0.0,13.5,-0.01,839.0,18,4
24.0,24.0,2.09,116.25,61.03,1182.0,5.0,0.0,2.31,-0.0,840.5,18,4
24.0,24.0,2.08,116.25,60.9,1174.0,5.0,0.0,25.02,0.01,839.5,18,4
24.0,24.0,2.07,116.25,61.0,1177.0,5.0,0.0,25.94,0.0,840.0,18,4
24.0,24.0,2.02,116.25,61.03,1178.0,5.0,0.0,2.13,-0.03,840.0,18,4
24.0,24.0,2.11,116.25,61.0,1177.0,5.0,0.0,-2.33,-0.0,840.0,18,4
24.0,24.0,2.06,116.25,61.12,1182.0,5.0,0.0,4.36,0.03,840.0,18,4
24.0,24.0,2.08,116.25,61.16,1186.0,5.0,0.0,-8.65,-0.01,838.0,18,4
24.0,24.0,2.08,116.25,61.12,1184.0,5.0,0.0,-1.86,0.02,838.5,18,4
24.0,24.0,2.08,116.25,61.06,1182.0,5.0,0.0,2.94,-0.01,838.5,18,4
24.0,24.0,2.04,116.25,61.06,1179.0,5.0,0.0,-3.18,0.02,838.5,18,4
24.0,24.0,2.06,116.25,61.1,1180.0,5.0,0.0,-3.27,-0.05,838.5,18,4
24.0,24.0,2.08,116.25,60.88,1173.0,5.0,0.0,-8.45,0.01,839.0,18,4
24.0,24.0,2.05,116.25,60.97,1177.0,5.0,0.0,-2.55,-0.02,840.5,18,4
24.0,24.0,2.08,116.25,61.03,1178.0,5.0,0.0,14.29,0.03,840.0,18,4
24.0,24.0,2.11,116.25,61.0,1180.0,5.0,0.0,19.12,-0.01,840.0,18,4
24.0,24.0,2.07,116.25,61.03,1178.0,5.0,0.0,-16.06,0.01,840.0,18,4
24.0,24.0,2.11,116.25,60.9,1173.0,5.0,0.0,-37.06,-0.01,840.0,18,4
24.0,24.0,2.05,116.25,60.94,1174.0,5.0,0.0,-19.38,0.07,840.0,18,4
24.0,24.0,2.1,116.25,61.03,1176.0,5.0,0.0,1.17,-0.03,838.5,18,4
24.0,24.0,2.04,116.25,60.97,1175.0,5.0,0.0,-8.99,-0.02,839.0,18,4
24.0,24.0,2.08,116.25,61.03,1177.0,5.0,0.0,-7.62,-0.0,839.0,18,4
24.0,24.0,2.06,116.25,61.0,1177.0,5.0,0.0,0.93,-0.06,839.0,18,4
24.0,24.0,2.07,116.25,60.94,1180.0,5.0,0.0,18.27,0.04,839.0,18,4
24.0,24.0,2.36,116.25,62.0,1232.0,5.0,0.0,31.38,-0.04,839.0,18,4
24.0,24.0,2.97,116.25,64.7,1375.0,5.0,0.0,49.06,0.03,840.5,18,4
24.0,24.0,3.01,116.25,65.2,1429.0,5.0,0.0,72.25,0.01,840.0,18,4
24.0,24.0,3.01,116.25,65.1,1440.0,5.0,0.0,56.8,0.03,840.0,18,4
24.0,24.0,3.0,116.25,63.9,1382.0,5.0,0.0,42.97,-0.04,840.0,18,4
24.0,24.0,2.99,116.3,63.28,1328.0,5.0,0.0,-4.13,0.01,840.5,18,4
24.0,24.0,2.76,116.3,61.9,1242.0,5.0,0.0,-21.1,0.04,838.5,18,4
24.0,24.0,2.75,116.3,61.78,1230.0,5.0,0.0,-11.1,-0.01,839.0,18,4
24.0,24.0,2.75,116.3,61.8,1230.0,5.0,0.0,-10.87,-0.04,839.0,18,4
24.0,24.0,2.74,116.3,61.88,1231.0,5.0,0.0,-4.05,-0.02,839.0,18,4
24.0,24.0,2.74,116.3,61.8,1230.0,5.0,0.0,6.22,0.04,839.0,18,4
24.0,24.0,2.74,116.3,61.88,1233.0,5.0,0.0,0.51,-0.04,839.0,18,4
24.0,24.0,2.69,116.3,61.84,1233.0,5.0,0.0,-5.32,0.04,840.5,18,4
24.0,24.0,2.7,116.3,61.62,1222.0,5.0,0.0,-0.65,-0.07,840.0,18,4
24.0,24.0,2.42,116.3,60.53,1167.0,5.0,0.0,-10.72,-0.04,840.0,18,4
24.0,24.0,2.13,116.3,59.34,1097.0,5.0,0.0,-15.92,0.05,840.0,18,4
24.0,24.0,2.04,116.3,58.5,1041.0,5.0,0.0,-23.56,0.04,840.0,18,4
24.0,24.0,2.04,116.3,58.34,1026.0,5.0,0.0,-31.47,-0.06,840.0,18,4
24.0,24.0,2.01,116.3,58.25,1019.5,4.8,0.0,-28.36,0.08,838.5,18,4
24.0,24.0,2.02,116.3,58.28,1018.5,4.8,0.0,-5.39,0.02,840.0,18,4
24.0,24.0,2.05,116.3,58.28,1018.5,4.8,0.0,5.21,-0.04,839.5,18,4
24.0,24.0,2.06,116.3,58.3,1019.5,4.8,0.0,0.24,-0.01,839.5,18,4
24.0,24.0,2.01,116.3,58.28,1019.5,4.8,0.0,0.01,-0.04,839.5,18,4
24.0,24.0,2.02,116.3,58.25,1017.0,4.8,0.0,1.79,0.01,840.0,18,4
24.0,24.0,2.06,116.3,58.25,1017.0,4.8,0.0,10.17,-0.04,841.0,18,4
24.0,24.0,2.01,116.3,58.28,1017.5,4.8,0.0,0.56,0.04,840.5,18,4
24.0,24.0,2.03,116.3,58.3,1018.5,4.8,0.0,-5.08,-0.0,840.5,18,4
24.0,24.0,2.03,116.3,58.28,1019.0,4.8,0.0,-5.03,0.0,840.5,18,4
24.0,24.0,2.03,116.3,58.3,1019.0,4.8,0.0,-3.4,-0.07,840.5,18,4
24.0,24.0,2.03,116.3,58.3,1020.5,4.8,0.0,1.72,0.04,840.0,18,4
24.0,24.0,2.02,116.3,58.28,1019.0,4.8,0.0,-13.39,-0.04,838.5,18,4
24.0,24.0,2.02,116.4,58.3,1019.5,4.8,0.0,-2.08,0.04,839.0,18,4
24.0,24.0,2.01,116.4,58.28,1017.5,5.0,0.0,-0.07,-0.01,839.0,18,4
24.0,24.0,1.99,116.4,58.25,1015.5,5.0,0.0,-0.0,0.01,839.0,18,4
24.0,24.0,2.04,116.4,58.34,1019.5,5.0,0.0,-0.0,-0.04,839.0,18,4
24.0,24.0,2.06,116.4,58.25,1016.5,5.0,0.0,-0.0,-0.03,839.0,18,4
24.0,24.0,2.03,116.44,58.22,1014.5,5.0,0.0,-0.0,0.03,840.5,18,4
24.0,24.0,2.04,116.44,58.25,1015.0,5.0,0.0,-8.09,-0.04,839.5,18,4
24.0,24.0,2.03,116.44,58.22,1014.5,5.0,0.0,-12.67,0.06,840.0,18,4
24.0,24.0,2.02,116.5,58.28,1017.5,5.0,0.0,-5.14,0.02,840.0,18,4
24.0,24.0,2.02,116.5,58.38,1021.0,5.0,0.0,-1.38,-0.03,840.0,18,4
24.0,24.0,2.03,116.5,58.38,1023.5,5.0,0.0,-0.11,-0.07,839.5,18,4
24.0,24.0,2.04,116.56,58.38,1022.5,5.0,0.0,-0.0,-0.05,838.0,18,4
24.0,24.0,2.06,116.56,58.38,1022.0,5.0,0.0,-0.0,0.0,838.0,18,4
24.0,24.0,2.02,116.6,58.4,1025.0,5.0,0.0,-0.0,0.04,838.0,18,4
24.0,24.0,2.01,116.6,58.4,1025.0,5.0,0.0,0.61,-0.03,838.0,18,4
24.0,24.0,2.0,116.6,58.34,1021.5,5.0,0.0,7.8,0.02,838.0,18,4
24.0,24.0,2.02,116.7,58.4,1024.0,5.0,0.0,0.39,0.02,838.0,18,4
24.0,24.0,2.0,116.7,58.34,1021.0,4.8,0.0,0.01,-0.02,839.5,18,4
24.0,24.0,2.02,116.75,58.38,1022.0,4.8,0.0,-9.92,-0.03,839.0,18,4
24.0,24.0,2.04,116.75,58.34,1022.5,4.8,0.0,2.77,0.07,839.0,18,4
24.0,24.0,2.06,116.8,58.38,1023.0,4.8,0.0,15.38,-0.05,839.5,18,4
24.0,24.0,2.07,116.8,59.9,1098.0,4.8,0.0,23.77,-0.02,839.5,18,4
24.0,24.0,2.08,116.9,60.56,1152.0,4.8,0.0,31.6,0.0,839.5,18,4
24.0,24.0,2.1,116.9,60.62,1165.0,4.8,0.0,15.34,-0.01,837.5,18,4
24.0,24.0,2.13,116.94,60.62,1168.0,4.8,0.0,2.16,0.0,838.0,18,4
24.0,24.0,2.13,116.94,60.62,1169.0,4.8,0.0,17.53,-0.07,838.0,18,4
24.0,24.0,2.13,117.0,60.62,1170.0,4.8,0.0,40.2,0.01,838.0,18,4
24.0,24.0,2.13,117.0,60.7,1169.0,4.8,0.0,34.75,-0.01,838.0,18,4
24.0,24.0,2.1,117.1,60.97,1188.0,4.8,0.0,7.27,0.01,840.0,18,4
24.0,24.0,2.11,117.1,60.4,1162.0,4.8,0.0,-1.88,0.06,840.0,18,4
24.0,24.0,2.05,117.2,58.66,1061.0,4.8,0.0,-33.3,-0.01,840.0,18,4
24.0,24.0,2.05,117.2,57.9,1007.5,4.8,0.0,-47.28,-0.04,840.0,18,4
24.0,24.0,2.01,117.2,57.84,996.0,4.8,0.0,-52.44,-0.02,840.5,18,4
24.0,24.0,2.0,117.25,57.7,988.0,4.8,0.0,-36.25,-0.04,840.0,18,4
24.0,24.0,1.95,117.25,57.75,989.5,4.8,0.0,-1.65,-0.02,838.5,18,4
24.0,24.0,2.01,117.3,57.72,987.5,4.8,0.0,-0.05,0.04,838.5,18,4
24.0,24.0,1.96,117.3,57.62,983.5,4.8,0.0,-0.0,-0.02,838.5,18,4
24.0,24.0,1.6,117.3,56.53,934.5,4.8,0.0,-2.48,-0.0,838.0,18,4
24.0,24.0,1.37,117.4,54.16,803.5,4.8,0.0,-15.79,0.0,838.5,18,4
24.0,24.0,1.39,117.4,53.78,774.5,4.8,0.0,-13.06,-0.03,840.0,18,4
24.0,24.0,1.36,117.4,53.72,766.0,4.8,0.0,-0.86,-0.06,840.0,18,4
24.0,24.0,1.39,117.44,53.66,763.5,4.8,0.0,-10.96,-0.03,840.0,18,4
24.0,24.0,1.36,117.44,53.75,768.5,4.8,0.0,-14.62,-0.03,840.5,18,4
24.0,24.0,1.38,117.44,53.72,768.0,4.8,0.0,-7.42,-0.03,840.5,18,4
24.0,24.0,1.35,117.5,53.7,765.5,4.8,0.0,-15.42,-0.06,840.0,18,4
24.0,24.0,1.38,117.5,53.75,766.5,4.8,0.0,-11.25,0.02,838.5,18,4
24.0,24.0,1.33,117.5,53.75,768.0,4.8,0.0,-15.79,0.01,838.5,18,4
24.0,24.0,1.39,117.56,53.75,768.5,4.8,0.0,-15.99,-0.01,838.0,18,4
24.0,24.0,1.38,117.56,53.78,766.5,4.8,0.0,-16.0,0.02,838.0,18,4
24.0,24.0,1.4,117.6,53.8,766.5,4.8,0.0,-14.89,-0.07,838.0,18,4
24.0,24.0,1.36,117.6,54.1,786.0,4.8,0.0,-16.05,0.02,838.0,18,4
24.0,24.0,1.35,117.7,54.25,798.0,4.8,0.0,-23.11,0.04,839.5,18,4
24.0,24.0,1.33,117.7,54.22,799.0,4.8,0.0,0.4,-0.0,839.5,18,4
24.0,24.0,1.34,117.75,54.25,799.0,4.8,0.0,7.66,-0.04,839.5,18,4
24.0,24.0,1.34,117.8,54.28,795.5,4.8,0.0,28.33,-0.09,840.0,18,4
24.0,24.0,1.36,117.8,54.28,791.0,4.8,0.0,31.88,-0.04,839.5,18,4
